-- phpMyAdmin SQL Dump
-- version 4.5.2
-- http://www.phpmyadmin.net
--
-- Host: localhost
-- Generation Time: Oct 01, 2017 at 06:07 PM
-- Server version: 10.1.16-MariaDB
-- PHP Version: 5.6.24

SET SQL_MODE = "NO_AUTO_VALUE_ON_ZERO";
SET time_zone = "+00:00";


/*!40101 SET @OLD_CHARACTER_SET_CLIENT=@@CHARACTER_SET_CLIENT */;
/*!40101 SET @OLD_CHARACTER_SET_RESULTS=@@CHARACTER_SET_RESULTS */;
/*!40101 SET @OLD_COLLATION_CONNECTION=@@COLLATION_CONNECTION */;
/*!40101 SET NAMES utf8mb4 */;

--
-- Database: `unsada`
--

-- --------------------------------------------------------

--
-- Table structure for table `chort_ipk`
--

CREATE TABLE `chort_ipk` (
  `nim` int(20) NOT NULL,
  `semester` int(20) NOT NULL,
  `ipk` varchar(20) NOT NULL,
  `ipk_new` varchar(20) NOT NULL
) ENGINE=InnoDB DEFAULT CHARSET=latin1;

--
-- Dumping data for table `chort_ipk`
--

INSERT INTO `chort_ipk` (`nim`, `semester`, `ipk`, `ipk_new`) VALUES
(2010230001, 10, '2.4', '2.4'),
(2010230002, 6, '2.3333333333333', '2.3'),
(2010230003, 11, '2.4545454545455', '2.5'),
(2010230004, 8, '2.5', '2.5'),
(2010230005, 6, '3.5', '3.5'),
(2010230006, 9, '2.7777777777778', '2.8'),
(2010230007, 8, '3', '3'),
(2010230009, 8, '2.875', '2.9'),
(2010230010, 8, '2.625', '2.6'),
(2010230012, 10, '2.2', '2.2'),
(2010230013, 2, '1.5', '1.5'),
(2010230015, 11, '2', '2'),
(2010230016, 8, '2.875', '2.9'),
(2010230017, 9, '2.7777777777778', '2.8'),
(2010230019, 3, '2.3333333333333', '2.3'),
(2010230020, 10, '2.1', '2.1'),
(2010230021, 8, '3.25', '3.3'),
(2010230023, 8, '3.25', '3.3'),
(2010230024, 1, '3', '3'),
(2010230025, 1, '2', '2'),
(2010230028, 8, '3', '3'),
(2010230029, 10, '2.7', '2.7'),
(2010230030, 9, '2.7777777777778', '2.8'),
(2010230031, 8, '3.5', '3.5'),
(2010230032, 6, '3', '3'),
(2010230034, 10, '2.6', '2.6'),
(2010230037, 9, '2.3333333333333', '2.3'),
(2010230038, 3, '2', '2'),
(2010230039, 11, '2.0909090909091', '2.1'),
(2010230040, 6, '2.3333333333333', '2.3'),
(2010230041, 9, '2.4444444444444', '2.4'),
(2010230042, 9, '2.8888888888889', '2.9'),
(2010230043, 9, '2.5555555555556', '2.6'),
(2010230044, 7, '3', '3'),
(2010230045, 10, '2.9', '2.9'),
(2010230047, 9, '3.2222222222222', '3.2'),
(2010230048, 5, '1.8', '1.8'),
(2010230050, 1, '1', '1'),
(2010230051, 10, '2.5', '2.5'),
(2010230052, 1, '2', '2'),
(2010230053, 9, '2.8888888888889', '2.9'),
(2010230055, 8, '3', '3'),
(2010230057, 8, '2.75', '2.8'),
(2010230058, 9, '2.5555555555556', '2.6'),
(2010230059, 10, '2.8', '2.8'),
(2010230060, 7, '2.5714285714286', '2.6'),
(2010230061, 9, '2.6666666666667', '2.7'),
(2010230062, 11, '2.4545454545455', '2.5'),
(2010230063, 9, '2.8888888888889', '2.9'),
(2010230064, 8, '3.375', '3.4'),
(2010230065, 8, '2.625', '2.6'),
(2010230066, 8, '2.5', '2.5'),
(2010230067, 8, '2.875', '2.9'),
(2010230068, 8, '2.875', '2.9'),
(2010230069, 11, '2.3636363636364', '2.4'),
(2010230070, 5, '2', '2'),
(2010230071, 9, '3', '3'),
(2010230072, 8, '3.125', '3.1'),
(2010230073, 2, '2', '2'),
(2010230074, 2, '1.5', '1.5'),
(2010230075, 10, '2.3', '2.3'),
(2010230077, 1, '1', '1'),
(2010230078, 9, '2.6666666666667', '2.7'),
(2010230079, 8, '2.25', '2.3'),
(2010230080, 8, '3', '3'),
(2010230081, 8, '2.875', '2.9'),
(2010230082, 8, '2.875', '2.9'),
(2010230083, 7, '3', '3'),
(2010230085, 8, '2.875', '2.9'),
(2010230086, 9, '2.4444444444444', '2.4'),
(2010230087, 7, '2.7142857142857', '2.7'),
(2010230088, 10, '2.2', '2.2'),
(2010230089, 1, '2', '2'),
(2010230090, 8, '3.125', '3.1'),
(2010230091, 2, '1.5', '1.5'),
(2010230092, 8, '2.875', '2.9'),
(2010230093, 10, '2.4', '2.4'),
(2010230094, 1, '1', '1'),
(2010230095, 8, '2.625', '2.6'),
(2010230096, 8, '1.875', '1.9'),
(2010230097, 10, '2.4', '2.4'),
(2010230099, 7, '2.7142857142857', '2.7'),
(2010230100, 8, '2.75', '2.8'),
(2010230101, 8, '2.75', '2.8'),
(2010230102, 7, '2.1428571428571', '2.1'),
(2010230106, 9, '3.2222222222222', '3.2'),
(2010230108, 8, '2.5', '2.5'),
(2010230109, 2, '1.5', '1.5'),
(2010230110, 1, '2', '2'),
(2010230111, 10, '2.3', '2.3'),
(2010230113, 9, '2.8888888888889', '2.9'),
(2010230114, 7, '2.4285714285714', '2.4'),
(2010230901, 7, '2.4285714285714', '2.4'),
(2010230902, 4, '3', '3'),
(2010239001, 9, '3.5555555555556', '3.6'),
(2010239006, 1, '1', '1'),
(2010239009, 2, '3', '3'),
(2011230001, 2, '1.5', '1.5'),
(2011230002, 10, '2.9', '2.9'),
(2011230003, 8, '3.125', '3.1'),
(2011230004, 8, '3', '3'),
(2011230005, 2, '1.5', '1.5'),
(2011230006, 7, '2.7142857142857', '2.7'),
(2011230007, 10, '1.9', '1.9'),
(2011230008, 9, '2.2222222222222', '2.2'),
(2011230009, 8, '2.75', '3.2'),
(2011230010, 10, '2.3', '2.3'),
(2011230012, 9, '2.1111111111111', '2.1'),
(2011230013, 9, '2.7777777777778', '2.8'),
(2011230014, 9, '2.7777777777778', '2.8'),
(2011230015, 10, '2.2', '2.2'),
(2011230016, 9, '3.4444444444444', '3.4'),
(2011230017, 2, '1.5', '1.5'),
(2011230019, 9, '1.7777777777778', '1.8'),
(2011230020, 10, '2.7', '2.7'),
(2011230021, 10, '2.1', '2.1'),
(2011230022, 10, '2.3', '2.3'),
(2011230023, 10, '1.7', '1.7'),
(2011230024, 10, '1.9', '1.9'),
(2011230025, 8, '2.625', '2.6'),
(2011230026, 1, '2', '2'),
(2011230027, 1, '2', '2'),
(2011230028, 2, '2', '2'),
(2011230029, 10, '2.4', '2.4'),
(2011230030, 10, '1.9', '1.9'),
(2011230031, 1, '2', '2'),
(2011230034, 9, '2.6666666666667', '2.7'),
(2011230035, 10, '2', '2'),
(2011230036, 8, '2.25', '2.3'),
(2011230037, 9, '2.4444444444444', '2.4'),
(2011230038, 9, '2.4444444444444', '2.4'),
(2011230039, 9, '2.4444444444444', '2.4'),
(2011230040, 10, '2.2', '2.2'),
(2011230043, 8, '3', '3'),
(2011230044, 9, '2.8888888888889', '2.9'),
(2011230045, 8, '2.875', '2.9'),
(2011230047, 9, '1.7777777777778', '1.8'),
(2011230048, 1, '1', '1'),
(2011230049, 1, '1', '1'),
(2011230050, 10, '2', '2'),
(2011230052, 2, '2', '2'),
(2011230901, 2, '2', '2'),
(2011230902, 4, '2', '2'),
(2011230903, 6, '2.3333333333333', '2.3'),
(2011230904, 5, '2.8', '2.8'),
(2011239001, 4, '2', '2'),
(2011239002, 4, '2.25', '2.3'),
(2012230001, 8, '3.125', '3.1'),
(2012230003, 8, '3', '3'),
(2012230005, 8, '2.75', '2.8'),
(2012230006, 4, '1.75', '1.8'),
(2012230007, 8, '1.625', '1.6'),
(2012230008, 8, '2.875', '2.9'),
(2012230009, 8, '2.875', '2.9'),
(2012230011, 8, '2.625', '2.6'),
(2012230013, 3, '2.3333333333333', '2.3'),
(2012230014, 1, '2', '2'),
(2012230015, 4, '2', '2'),
(2012230016, 8, '2.75', '2.8'),
(2012230017, 8, '3', '3'),
(2012230019, 2, '1.5', '1.5'),
(2012230020, 3, '3', '3'),
(2012230022, 8, '2.625', '2.6'),
(2012230023, 2, '3', '3'),
(2012230024, 2, '2.5', '2.5'),
(2012230025, 8, '2.875', '2.9'),
(2012230026, 1, '2', '2'),
(2012230027, 8, '2.875', '3.3'),
(2012230028, 8, '2.625', '2.6'),
(2012230029, 1, '1', '1'),
(2012230030, 8, '2.75', '2.8'),
(2012230031, 1, '1', '1'),
(2012230032, 7, '3.2857142857143', '3.3'),
(2012230033, 4, '2.75', '2.8'),
(2012230034, 8, '2.875', '2.9'),
(2012230035, 1, '1', '1'),
(2012230037, 8, '2.125', '2.1'),
(2012230038, 7, '2.5714285714286', '2.6'),
(2012230039, 2, '2', '2'),
(2012230040, 3, '2.3333333333333', '2.3'),
(2012230041, 8, '2.25', '2.3'),
(2012230042, 2, '2', '2'),
(2012230045, 1, '1', '1'),
(2012230047, 2, '3', '3'),
(2012230048, 8, '2.5', '2.5'),
(2012230049, 8, '2.625', '2.6'),
(2012230050, 2, '1.5', '1.5'),
(2012230051, 1, '2', '2'),
(2012230052, 7, '3.4285714285714', '3.4'),
(2012230054, 5, '3.4', '3.4'),
(2012230056, 1, '1', '1'),
(2012230057, 1, '1', '1'),
(2012230058, 1, '2', '2'),
(2012230060, 2, '2', '2'),
(2012230061, 1, '1', '1'),
(2012230062, 8, '2.625', '2.6'),
(2012230063, 8, '1.625', '1.6'),
(2012230064, 2, '2', '2'),
(2012230065, 1, '1', '1'),
(2012230066, 3, '3', '3'),
(2012230067, 8, '3', '3'),
(2012230068, 1, '2', '2'),
(2012230901, 4, '3', '3'),
(2012230902, 2, '2.5', '2.5'),
(2012230903, 3, '1.6666666666667', '1.7'),
(2012230904, 4, '2.25', '2.3'),
(2012230905, 4, '2.75', '2.8'),
(2012239001, 10, '2.3', '2.3'),
(2013230001, 5, '2.8', '2.8'),
(2013230004, 6, '2.6666666666667', '2.7'),
(2013230006, 6, '3.3333333333333', '3.3'),
(2013230008, 6, '2.5', '2.5'),
(2013230009, 2, '1.5', '1.5'),
(2013230010, 6, '3', '3'),
(2013230012, 2, '3', '3'),
(2013230013, 1, '2', '2'),
(2013230014, 6, '2.1666666666667', '2.2'),
(2013230015, 5, '2.6', '2.6'),
(2013230016, 6, '2', '2'),
(2013230017, 6, '2.8333333333333', '2.8'),
(2013230018, 6, '2.6666666666667', '2.7'),
(2013230019, 1, '2', '2'),
(2013230020, 2, '1.5', '1.5'),
(2013230021, 6, '2.3333333333333', '2.3'),
(2013230023, 6, '2.8333333333333', '2.8'),
(2013230024, 6, '2.8333333333333', '2.8'),
(2013230025, 6, '2.6666666666667', '2.7'),
(2013230026, 6, '2.1666666666667', '2.2'),
(2013230027, 1, '1', '1'),
(2013230028, 2, '1.5', '1.5'),
(2013230029, 6, '3', '3'),
(2013230030, 6, '2.5', '2.5'),
(2013230031, 5, '2.4', '2.4'),
(2013230032, 6, '3', '3'),
(2013230033, 6, '3.1666666666667', '3.2'),
(2013230036, 6, '3.1666666666667', '3.2'),
(2013230037, 6, '1.8333333333333', '1.8'),
(2013230038, 6, '3', '3'),
(2013230039, 6, '3', '3'),
(2013230040, 6, '3', '3'),
(2013230041, 6, '1.8333333333333', '1.8'),
(2013230042, 6, '2.6666666666667', '2.7'),
(2013230043, 6, '3', '3'),
(2013230045, 6, '2.5', '2.5'),
(2013230046, 6, '2.6666666666667', '2.7'),
(2013230047, 2, '1.5', '1.5'),
(2013230048, 6, '3.5', '3.5'),
(2013230049, 6, '2', '2'),
(2013230050, 1, '2', '2'),
(2013230051, 2, '1', '1'),
(2013230052, 3, '1.3333333333333', '1.3'),
(2013230053, 6, '2.6666666666667', '2.7'),
(2013230054, 2, '1', '1'),
(2013230055, 1, '1', '1'),
(2013230056, 6, '2', '2'),
(2013230057, 6, '2.1666666666667', '2.2'),
(2013230058, 5, '2.8', '2.8'),
(2013230059, 2, '2.5', '2.5'),
(2013230060, 5, '2.6', '2.6'),
(2013230061, 2, '3', '3'),
(2013230062, 6, '2.6666666666667', '2.7'),
(2013230063, 4, '2.5', '2.5'),
(2013230065, 2, '3', '3'),
(2013230067, 1, '1', '1'),
(2013230068, 6, '2.3333333333333', '2.3'),
(2013230070, 6, '3.1666666666667', '3.2'),
(2013230071, 6, '2.8333333333333', '2.8'),
(2013230072, 6, '2.1666666666667', '2.2'),
(2013230073, 6, '2.6666666666667', '2.7'),
(2013230074, 4, '2.5', '2.5'),
(2013230075, 2, '1', '1'),
(2013230076, 5, '2.2', '2.2'),
(2013230077, 5, '2.8', '2.8'),
(2013230078, 6, '2.8333333333333', '2.8'),
(2013230080, 6, '2.1666666666667', '2.2'),
(2013230081, 1, '3', '3'),
(2013230901, 6, '2.6666666666667', '2.7'),
(2013230902, 1, '1', '1'),
(2013239001, 12, '1.75', '1.8'),
(2013239002, 10, '1.9', '1.9'),
(2013239003, 12, '2', '2'),
(2014230001, 4, '3', '3'),
(2014230002, 4, '2.25', '2.3'),
(2014230003, 4, '2.75', '2.8'),
(2014230004, 4, '3', '3'),
(2014230005, 4, '3', '3'),
(2014230007, 4, '2.25', '2.3'),
(2014230008, 1, '2', '2'),
(2014230009, 4, '3', '3'),
(2014230010, 4, '3', '3'),
(2014230011, 1, '3', '3'),
(2014230012, 4, '2.25', '2.3'),
(2014230013, 2, '2', '2'),
(2014230014, 4, '2', '2'),
(2014230015, 4, '2.75', '2.8'),
(2014230016, 4, '3', '3'),
(2014230017, 4, '3.25', '3.3'),
(2014230018, 3, '3', '3'),
(2014230019, 3, '2', '2'),
(2014230020, 4, '1.75', '1.8'),
(2014230021, 4, '2', '2'),
(2014230022, 2, '2.5', '2.5'),
(2014230023, 4, '3.5', '3.5'),
(2014230025, 4, '2.5', '2.5'),
(2014230026, 4, '2.5', '2.5'),
(2014230027, 1, '2', '2'),
(2014230028, 1, '1', '1'),
(2014230029, 4, '2.25', '2.3'),
(2014230030, 4, '3', '3'),
(2014230031, 4, '3', '3'),
(2014230032, 4, '2.75', '2.8'),
(2014230033, 1, '2', '2'),
(2014230034, 4, '2.5', '2.5'),
(2014230035, 4, '2.25', '2.3'),
(2014230036, 4, '2', '2'),
(2014230037, 4, '3', '3'),
(2014230038, 4, '3.25', '3.3'),
(2014230039, 1, '1', '1'),
(2014230040, 2, '2', '2'),
(2014230041, 4, '2.5', '2.5'),
(2014230042, 4, '2.75', '2.8'),
(2014230043, 4, '3', '3'),
(2014230044, 2, '2', '2'),
(2014230045, 2, '1.5', '1.5'),
(2014230046, 4, '1.75', '1.8'),
(2014230047, 4, '3', '3'),
(2014230048, 1, '3', '3'),
(2014230049, 4, '2.5', '2.5'),
(2014230050, 1, '1', '1'),
(2014230051, 4, '3', '3'),
(2014230052, 4, '3', '3'),
(2014230053, 4, '2.75', '2.8'),
(2014230054, 4, '2.75', '2.8'),
(2014230055, 4, '2.75', '2.8'),
(2014230056, 1, '3', '3'),
(2014230058, 4, '3.5', '3.5'),
(2014230059, 4, '2.75', '2.8'),
(2014230060, 4, '3', '3'),
(2014230061, 4, '2.75', '2.8'),
(2014230062, 4, '3', '3'),
(2014230063, 4, '3', '3'),
(2014230064, 4, '2.5', '2.5'),
(2014230065, 4, '2.25', '2.3'),
(2014230066, 4, '3', '3'),
(2014230068, 4, '3.25', '3.3'),
(2014230069, 4, '2.5', '2.5'),
(2014230070, 4, '3.25', '3.3'),
(2014230072, 1, '2', '2'),
(2014230074, 4, '3.25', '3.3'),
(2014230075, 3, '3', '3'),
(2014230076, 1, '2', '2'),
(2014230077, 1, '3', '3'),
(2014230078, 1, '1', '1'),
(2014230079, 4, '3', '3'),
(2014230080, 4, '3', '3'),
(2014230081, 2, '2', '2'),
(2014230082, 4, '3', '3'),
(2014230083, 4, '2', '2'),
(2014230084, 4, '2.5', '2.5'),
(2014230085, 3, '2.6666666666667', '2.7'),
(2014230086, 2, '2', '2'),
(2014230088, 4, '3.25', '3.3'),
(2014230089, 4, '3', '3'),
(2014230090, 4, '3', '3'),
(2014230091, 4, '2.75', '2.8'),
(2014230093, 4, '3', '3'),
(2014230901, 2, '3', '3'),
(2014230903, 3, '1.6666666666667', '1.7'),
(2014230904, 4, '3', '3'),
(2014239001, 10, '2.1', '2.1'),
(2015230001, 2, '2.5', '2.5'),
(2015230002, 1, '2', '2'),
(2015230003, 2, '2.5', '2.5'),
(2015230004, 2, '3', '3'),
(2015230005, 2, '2', '2'),
(2015230006, 2, '2.5', '2.5'),
(2015230007, 2, '3', '3'),
(2015230008, 2, '3', '3'),
(2015230009, 2, '4', '4'),
(2015230010, 2, '3', '3'),
(2015230011, 2, '3', '3'),
(2015230012, 1, '1', '1'),
(2015230013, 2, '2.5', '2.5'),
(2015230014, 2, '4', '4'),
(2015230015, 2, '2.5', '2.5'),
(2015230016, 2, '3', '3'),
(2015230017, 2, '2.5', '2.5'),
(2015230018, 2, '2', '2'),
(2015230019, 2, '3', '3'),
(2015230020, 2, '3', '3'),
(2015230021, 2, '3.5', '3.5'),
(2015230022, 2, '2', '2'),
(2015230023, 2, '2.5', '2.5'),
(2015230024, 2, '3', '3'),
(2015230025, 2, '2', '2'),
(2015230026, 1, '2', '2'),
(2015230027, 2, '3.5', '3.5'),
(2015230028, 2, '3', '3'),
(2015230031, 2, '3', '3'),
(2015230032, 2, '3.5', '3.5'),
(2015230033, 2, '3', '3'),
(2015230034, 2, '3', '3'),
(2015230035, 2, '3', '3'),
(2015230036, 2, '3', '3'),
(2015230037, 2, '3', '3'),
(2015230038, 2, '2', '2'),
(2015230039, 2, '3', '3'),
(2015230040, 2, '3', '3'),
(2015230041, 2, '3', '3'),
(2015230042, 2, '3', '3'),
(2015230043, 2, '3', '3'),
(2015230044, 2, '2.5', '2.5'),
(2015230045, 2, '3.5', '3.5'),
(2015230046, 1, '1', '1'),
(2015230047, 2, '3', '3'),
(2015230048, 2, '3', '3'),
(2015230049, 2, '4', '4'),
(2015230050, 1, '3', '3'),
(2015230051, 2, '3', '3'),
(2015230052, 2, '4', '4'),
(2015230053, 2, '2.5', '2.5'),
(2015230054, 2, '3', '3'),
(2015230055, 2, '3', '3'),
(2015230056, 2, '3', '3'),
(2015230057, 2, '3', '3'),
(2015230058, 2, '4', '4'),
(2015230059, 2, '3.5', '3.5'),
(2015230060, 1, '2', '2'),
(2015230061, 2, '3', '3'),
(2015230062, 2, '3.5', '3.5'),
(2015230063, 2, '3', '3'),
(2015230064, 2, '2', '2'),
(2015230065, 2, '3', '3'),
(2015230066, 2, '3.5', '3.5'),
(2015230067, 2, '3', '3'),
(2015230068, 1, '3', '3'),
(2015230069, 2, '1', '1'),
(2015230070, 2, '3', '3'),
(2015230071, 2, '3', '3'),
(2015230072, 2, '2.5', '2.5'),
(2015230073, 2, '2', '2'),
(2015230074, 2, '3', '3'),
(2015230075, 2, '3.5', '3.5'),
(2015230076, 2, '2.5', '2.5'),
(2015230077, 2, '3.5', '3.5'),
(2015230078, 2, '3', '3'),
(2015230079, 2, '1.5', '1.5'),
(2015230080, 2, '4', '4'),
(2015230081, 2, '2.5', '2.5'),
(2015230082, 2, '4', '4'),
(2015230083, 2, '3', '3'),
(2015230084, 2, '3', '3'),
(2015230086, 2, '3.5', '3.5'),
(2015230087, 2, '2.5', '2.5'),
(2015230090, 2, '3', '3'),
(2015230091, 2, '3', '3'),
(2015230092, 2, '2.5', '2.5'),
(2015230093, 2, '3', '3'),
(2015230094, 2, '2.5', '2.5'),
(2015230095, 2, '1.5', '1.5'),
(2015230096, 2, '3', '3'),
(2015230097, 2, '3.5', '3.5'),
(2015230098, 2, '4', '4'),
(2015230099, 2, '2.5', '2.5'),
(2015230100, 2, '2.5', '2.5'),
(2015230101, 2, '2', '2'),
(2015230102, 2, '3', '3'),
(2015230103, 2, '3', '3'),
(2015230104, 2, '2.5', '2.5'),
(2015230105, 2, '1.5', '1.5'),
(2015230106, 2, '3', '3'),
(2015230107, 2, '1.5', '1.5'),
(2015230108, 2, '3', '3'),
(2015230110, 2, '3', '3'),
(2015230111, 2, '2', '2'),
(2015230112, 1, '2', '2'),
(2015230113, 2, '2', '2'),
(2015230114, 2, '3', '3'),
(2015230115, 1, '2', '2'),
(2015230116, 2, '2.5', '2.5'),
(2015230117, 2, '3', '3'),
(2015230118, 2, '3', '3'),
(2015230119, 2, '2.5', '2.5'),
(2015230120, 2, '3', '3'),
(2015230121, 2, '2', '2'),
(2015230122, 2, '2.5', '2.5'),
(2147483647, 2, '2.13', '');

-- --------------------------------------------------------

--
-- Table structure for table `chort_jarak`
--

CREATE TABLE `chort_jarak` (
  `nim` int(30) NOT NULL,
  `alamat_rumah` varchar(30) NOT NULL,
  `jarak` varchar(30) NOT NULL,
  `jarak_new` varchar(30) NOT NULL
) ENGINE=InnoDB DEFAULT CHARSET=latin1;

--
-- Dumping data for table `chort_jarak`
--

INSERT INTO `chort_jarak` (`nim`, `alamat_rumah`, `jarak`, `jarak_new`) VALUES
(2010230001, 'cakung', '5.88542430473', '5.9'),
(2010230002, 'cimanggis', '23.962834909273', '24'),
(2010230003, 'pusdik depnaker', '7.5465631619088', '7.5'),
(2010230004, 'bekasi', '5.6741416872138', '5.7'),
(2010230005, 'tanjung priok', '12.429375951303', '12.4'),
(2010230006, 'pangkalan jati', '3.062380358704', '3.1'),
(2010230007, 'bekasi barat', '4.5622035631333', '4.6'),
(2010230008, 'pondok ungu', '10.643309151351', '10.6'),
(2010230009, 'perum griya permai', '39.136459564341', '39.1'),
(2010230010, 'bekasi barat', '4.5622035631333', '4.6'),
(2010230012, 'babelan', '17.105913225077', '17.1'),
(2010230013, 'bekasi barat', '4.5622035631333', '4.6'),
(2010230015, 'pondok gede', '5.7871967393478', '5.8'),
(2010230016, 'cakung', '5.88542430473', '5.9'),
(2010230017, 'jonggol', '29.73681700103', '29.7'),
(2010230019, 'cakung', '5.88542430473', '5.9'),
(2010230020, 'bekasi utara', '8.8111628201386', '8.8'),
(2010230021, 'bekasi utara', '8.8111628201386', '8.8'),
(2010230023, 'klender', '2.7877847896525', '2.8'),
(2010230024, 'pondok gede', '5.7871967393478', '5.8'),
(2010230025, 'Pondok Kelapa, Duren Sawit, Ja', '1.1902437841081', '1.2'),
(2010230028, 'bekasi utara', '8.8111628201386', '8.8'),
(2010230029, 'pondok gede', '5.7871967393478', '5.8'),
(2010230030, 'pondok gede', '5.7871967393478', '5.8'),
(2010230031, 'kampung melayu ', '6.4475194412252', '6.4'),
(2010230032, 'jatinegara', '4.6536354600882', '4.7'),
(2010230033, 'kemayoran', '11.581012965873', '11.6'),
(2010230034, 'tebet', '8.5683872061381', '8.6'),
(2010230035, 'harapan jaya', '7.5627171995095', '7.6'),
(2010230037, 'duren sawit', '1.0831374015197', '1.1'),
(2010230038, 'perumnas klender', '1.6598042220206', '1.7'),
(2010230039, 'Pondok Kelapa, Duren Sawit, Ja', '1.1902437841081', '1.2'),
(2010230040, 'jatinegara', '4.6536354600882', '4.7'),
(2010230041, 'pangkalan jati', '18.062380358704', '18.1'),
(2010230042, 'kampung melayu ', '6.4475194412252', '6.4'),
(2010230043, 'tebet', '8.5683872061381', '8.6'),
(2010230044, 'Pondok Kelapa, Duren Sawit, Ja', '1.1902437841081', '1.2'),
(2010230045, 'duren sawit', '1.0831374015197', '1.1'),
(2010230046, 'jatimulya', '12.553408614529', '12.6'),
(2010230047, 'cikunir ', '6.1762182756248', '6.2'),
(2010230048, 'cakung', '5.88542430473', '5.9'),
(2010230050, 'cibinong', '30.688303229295', '30.7'),
(2010230051, 'cililitan', '7.6935241242226', '7.7'),
(2010230052, 'babelan', '17.105913225077', '17.1'),
(2010230053, 'bintara', '4.5622035631333', '4.6'),
(2010230054, 'bekasi barat', '4.5622035631333', '4.6'),
(2010230055, 'Pondok Kelapa, Duren Sawit, Ja', '1.1902437841081', '1.2'),
(2010230056, 'bekasi barat', '4.5622035631333', '4.6'),
(2010230057, 'kayuringin', '6.8480561042889', '6.8'),
(2010230058, 'rawa badung', '2.5325716129045', '2.5'),
(2010230059, 'jati asih', '9.4119347303261', '9.4'),
(2010230060, 'bintara', '4.5622035631333', '4.6'),
(2010230061, 'duren sawit', '1.0831374015197', '1.1'),
(2010230062, 'tambun', '11.024948897633', '11'),
(2010230063, 'pondok gede', '5.7871967393478', '5.8'),
(2010230064, 'pondok bambu', '2.3822187804946', '2.4'),
(2010230065, 'cipinang melayu', '3.022869224009', '3'),
(2010230066, 'bekasi selatan', '6.5586431961643', '6.6'),
(2010230067, 'cipinang melayu', '3.022869224009', '3'),
(2010230068, 'penggilingan', '2.8528407874106', '2.9'),
(2010230069, 'Pondok Kelapa, Duren Sawit, Ja', '1.1902437841081', '1.2'),
(2010230070, 'ciracas', '11.901670595286', '11.9'),
(2010230071, 'sragen', '470.22453764422', '470.2'),
(2010230072, 'cipinang melayu', '3.022869224009', '3'),
(2010230073, 'pondok gede', '5.7871967393478', '5.8'),
(2010230074, 'otista', '6.4025285629927', '6.4'),
(2010230075, 'penggilingan', '2.8528407874106', '2.9'),
(2010230076, 'tambun utara', '16.602539083015', '16.6'),
(2010230077, 'medan', '1425.8553529239', '1425.9'),
(2010230078, 'bekasi', '5.6741416872138', '5.7'),
(2010230079, 'cibitung', '20.148110404964', '20.1'),
(2010230080, 'jatibening', '4.491059049863', '4.5'),
(2010230081, 'pangkalan jati', '18.062380358704', '18.1'),
(2010230082, 'depok', '23.962834909273', '24'),
(2010230083, 'kebon nanas', '4.9555619649598', '5'),
(2010230084, 'pondok kopi', '2.1253252355336', '2.1'),
(2010230085, 'rawa lumbu', '9.9150711146617', '9.9'),
(2010230086, 'pekayon', '6.9756614348127', '7'),
(2010230087, 'cakung', '5.88542430473', '5.9'),
(2010230088, 'bekasi timur', '11.024948897633', '11'),
(2010230089, 'kranji', '10704.176791831', '10704.2'),
(2010230090, 'duren sawit', '1.0831374015197', '1.1'),
(2010230091, 'tanjung priok', '12.429375951303', '12.4'),
(2010230092, 'bekasi utara', '8.8111628201386', '8.8'),
(2010230093, 'cakung', '5.88542430473', '5.9'),
(2010230094, 'bekasi barat', '4.5622035631333', '4.6'),
(2010230095, 'bintara', '4.5622035631333', '4.6'),
(2010230096, 'kelapa gading', '8.0724234895698', '8.1'),
(2010230097, 'cakung', '5.88542430473', '5.9'),
(2010230098, 'bekasi utara', '8.8111628201386', '8.8'),
(2010230099, 'pondok gede', '5.7871967393478', '5.8'),
(2010230100, 'bekasi barat', '4.5622035631333', '4.6'),
(2010230101, 'bekasi timur', '11.024948897633', '11'),
(2010230102, 'cipinang melayu', '3.022869224009', '3'),
(2010230103, 'kebon pala', '5.8282223403463', '5.8'),
(2010230104, 'matraman', '7.5657982938959', '7.6'),
(2010230105, 'penggilingan', '2.8528407874106', '2.9'),
(2010230106, 'cengkareng', '22.845018394002', '22.8'),
(2010230108, 'duren sawit', '1.0831374015197', '1.1'),
(2010230109, 'bekasi selatan', '6.5586431961643', '6.6'),
(2010230110, 'pondok gede', '5.7871967393478', '5.8'),
(2010230111, 'petukangan', '18.72163053784', '18.7'),
(2010230112, 'bekasi', '5.6741416872138', '5.7'),
(2010230113, 'pasar minggu', '11.45790472864', '11.5'),
(2010230114, 'duren sawit', '1.0831374015197', '1.1'),
(2010230901, 'jati asih', '9.4119347303261', '9.4'),
(2010230902, 'buaran', '28.656866337876', '28.7'),
(2010239001, 'Pondok Kelapa, Duren Sawit, Ja', '1.1902437841081', '1.2'),
(2010239006, 'pulo gebang', '4.042098277503', '4'),
(2011230001, 'pulo gebang', '4.042098277503', '4'),
(2011230002, 'jati asih', '9.4119347303261', '9.4'),
(2011230003, 'cakung', '5.88542430473', '5.9'),
(2011230004, 'Pondok Kelapa, Duren Sawit, Ja', '1.1902437841081', '1.2'),
(2011230005, 'pondok ungu ', '10.643309151351', '10.6'),
(2011230006, 'pulo gebang', '4.042098277503', '4'),
(2011230007, 'kaliabang', '9.042944078414', '9'),
(2011230008, 'pasar senen', '10.840444680528', '10.8'),
(2011230009, 'Pondok Kelapa, Duren Sawit, Ja', '1.1902437841081', '1.2'),
(2011230010, 'bekasi utara', '8.8111628201386', '8.8'),
(2011230011, 'kampung jembatan', '2.47281924325', '2.5'),
(2011230012, 'cibitung', '20.148110404964', '20.1'),
(2011230013, 'bekasi barat', '4.5622035631333', '4.6'),
(2011230014, 'jatinegara', '4.6536354600882', '4.7'),
(2011230015, 'pondok gede', '5.7871967393478', '5.8'),
(2011230016, 'purwodadi', '450.67331528353', '450.7'),
(2011230017, 'pondok bambu', '2.3822187804946', '2.4'),
(2011230018, 'cipinang melayu', '3.022869224009', '3'),
(2011230019, 'bekasi timur', '11.024948897633', '11'),
(2011230020, 'jati asih', '9.4119347303261', '9.4'),
(2011230021, 'kaliabang', '9.042944078414', '9'),
(2011230022, 'cakung', '5.88542430473', '5.9'),
(2011230023, 'penggilingan', '2.8528407874106', '2.9'),
(2011230024, 'klender', '2.7877847896525', '2.8'),
(2011230025, 'penggilingan', '2.8528407874106', '2.9'),
(2011230026, 'bekasi timur', '11.024948897633', '11'),
(2011230027, 'harapan jaya', '7.5627171995095', '7.6'),
(2011230028, 'bekasi timur', '11.024948897633', '11'),
(2011230029, 'bekai timur', '11.024948897633', '11'),
(2011230030, 'cipinang muara', '3.9414703310231', '3.9'),
(2011230031, 'bekasi utara', '8.8111628201386', '8.8'),
(2011230034, 'cikunir ', '6.1762182756248', '6.2'),
(2011230035, 'duren sawit', '1.0831374015197', '1.1'),
(2011230036, 'bekasi barat', '4.5622035631333', '4.6'),
(2011230037, 'bekasi utara', '8.8111628201386', '8.8'),
(2011230038, 'bekasi utara', '8.8111628201386', '8.8'),
(2011230039, 'bekasi utara', '8.8111628201386', '8.8'),
(2011230040, 'bekasi utara', '8.8111628201386', '8.8'),
(2011230041, 'bekasi utara', '8.8111628201386', '8.8'),
(2011230042, 'pondok gede', '5.7871967393478', '5.8'),
(2011230043, 'bekasi utara', '8.8111628201386', '8.8'),
(2011230044, 'kaliabang', '9.042944078414', '9'),
(2011230045, 'bekasi barat', '4.5622035631333', '4.6'),
(2011230046, 'bekasi barat', '4.5622035631333', '4.6'),
(2011230047, 'kaliabang', '9.042944078414', '9'),
(2011230048, 'pondok ungu ', '10.643309151351', '10.6'),
(2011230049, 'pondok ungu ', '10.643309151351', '10.6'),
(2011230050, 'pondok ungu ', '10.643309151351', '10.6'),
(2011230051, 'pondok ungu ', '10.643309151351', '10.6'),
(2011230052, 'bekasi barat', '4.5622035631333', '4.6'),
(2011230901, 'cikeas', '41.30771930023', '41.3'),
(2011230902, 'tambun', '11.024948897633', '11'),
(2011230903, 'cikeas', '41.30771930023', '41.3'),
(2011230904, 'Pondok Kelapa, Duren Sawit, Ja', '1.1902437841081', '1.2'),
(2011239001, 'pondok ungu ', '10.643309151351', '10.6'),
(2011239003, 'pondok ungu ', '10.643309151351', '10.6'),
(2012230001, 'kelapa gading', '8.0724234895698', '8.1'),
(2012230002, 'cikeas', '41.30771930023', '41.3'),
(2012230003, 'cakung', '5.88542430473', '5.9'),
(2012230004, 'cikeas', '41.30771930023', '41.3'),
(2012230005, 'tambun utara', '16.602539083015', '16.6'),
(2012230006, 'pondok ungu ', '10.643309151351', '10.6'),
(2012230007, 'pondok ungu ', '10.643309151351', '10.6'),
(2012230008, 'ciracas', '11.901670595286', '11.9'),
(2012230009, 'bekasi timur', '11.024948897633', '11'),
(2012230010, 'pondok ungu ', '10.643309151351', '10.6'),
(2012230011, 'pondok ungu ', '10.643309151351', '10.6'),
(2012230012, 'pondok ungu ', '10.643309151351', '10.6'),
(2012230013, 'pondok ungu ', '10.643309151351', '10.6'),
(2012230014, 'pondok ungu ', '10.643309151351', '10.6'),
(2012230015, 'pondok ungu ', '10.643309151351', '10.6'),
(2012230016, 'kaliabang', '9.042944078414', '9'),
(2012230017, 'babelan', '17.105913225077', '17.1'),
(2012230018, 'pasar manggis', '9.9638586211109', '10'),
(2012230019, 'pondok ungu ', '10.643309151351', '10.6'),
(2012230020, 'pondok ungu ', '10.643309151351', '10.6'),
(2012230022, 'kelapa gading', '8.0724234895698', '8.1'),
(2012230023, 'babelan', '17.105913225077', '17.1'),
(2012230024, 'cakung', '5.88542430473', '5.9'),
(2012230025, 'pinang ranti', '8.0652640088676', '8.1'),
(2012230026, 'babelan', '17.105913225077', '17.1'),
(2012230027, 'bekasi barat', '4.5622035631333', '4.6'),
(2012230028, 'cakung', '5.88542430473', '5.9'),
(2012230029, 'cakung', '5.88542430473', '5.9'),
(2012230030, 'cakung', '5.88542430473', '5.9'),
(2012230031, 'cakung', '5.88542430473', '5.9'),
(2012230032, 'bintara', '4.5622035631333', '4.6'),
(2012230033, 'cakung', '5.88542430473', '5.9'),
(2012230034, 'duren sawit', '1.0831374015197', '1.1'),
(2012230035, 'pondok gede', '5.7871967393478', '5.8'),
(2012230036, 'pondok gede', '5.7871967393478', '5.8'),
(2012230037, 'pondok gede', '5.7871967393478', '5.8'),
(2012230038, 'pondok gede', '5.7871967393478', '5.8'),
(2012230039, 'pondok gede', '5.7871967393478', '5.8'),
(2012230040, 'duren sawit', '1.0831374015197', '1.1'),
(2012230041, 'pondok gede', '5.7871967393478', '5.8'),
(2012230042, 'pondok gede', '5.7871967393478', '5.8'),
(2012230044, 'pondok gede', '5.7871967393478', '5.8'),
(2012230045, 'pondok gede', '5.7871967393478', '5.8'),
(2012230047, 'bekasi utara', '8.8111628201386', '8.8'),
(2012230048, 'cakung', '5.88542430473', '5.9'),
(2012230049, 'buaran', '28.656866337876', '28.7'),
(2012230050, 'pondok gede', '5.7871967393478', '5.8'),
(2012230051, 'pondok gede', '5.7871967393478', '5.8'),
(2012230052, 'jatibening', '4.491059049863', '4.5'),
(2012230053, 'pondok gede', '5.7871967393478', '5.8'),
(2012230054, 'pondok gede', '5.7871967393478', '5.8'),
(2012230055, 'pondok gede', '5.7871967393478', '5.8'),
(2012230056, 'pondok gede', '5.7871967393478', '5.8'),
(2012230057, 'pondok gede', '5.7871967393478', '5.8'),
(2012230058, 'pondok gede', '5.7871967393478', '5.8'),
(2012230059, 'pondok gede', '5.7871967393478', '5.8'),
(2012230060, 'pondok gede', '5.7871967393478', '5.8'),
(2012230061, 'pondok gede', '5.7871967393478', '5.8'),
(2012230062, 'majalengka', '162.19158508702', '162.2'),
(2012230063, 'pondok ungu ', '10.643309151351', '10.6'),
(2012230064, 'pondok gede', '5.7871967393478', '5.8'),
(2012230065, 'cakung', '5.88542430473', '5.9'),
(2012230066, 'pondok kopi', '2.1253252355336', '2.1'),
(2012230067, 'cipinang melayu', '3.022869224009', '3'),
(2012230068, 'pondok gede', '5.7871967393478', '5.8'),
(2012230901, 'bekasi selatan', '6.5586431961643', '6.6'),
(2012230902, 'cakung', '5.88542430473', '5.9'),
(2012230903, 'pondok gede', '5.7871967393478', '5.8'),
(2012230904, 'pondok gede', '5.7871967393478', '5.8'),
(2012230905, 'pondok gede', '5.7871967393478', '5.8'),
(2012239001, 'pondok gede', '5.7871967393478', '5.8'),
(2013230001, 'tasikmalaya', '189.39388948081', '189.4'),
(2013230003, 'pulo gadung', '5.6556120662112', '5.7'),
(2013230004, 'bekasi timur', '11.024948897633', '11'),
(2013230006, 'duren sawit', '1.0831374015197', '1.1'),
(2013230007, 'cakung ', '5.88542430473', '5.9'),
(2013230008, 'bekasi', '5.6741416872138', '5.7'),
(2013230009, 'pulo gebang', '4.042098277503', '4'),
(2013230010, 'cakung ', '5.88542430473', '5.9'),
(2013230012, 'kalimantan barat', '832.38883132479', '832.4'),
(2013230013, 'bekasi timur', '11.024948897633', '11'),
(2013230014, 'jatiwaringin', '4.8568020865966', '4.9'),
(2013230015, 'pondok gede', '5.7871967393478', '5.8'),
(2013230016, 'pondok ungu ', '10.643309151351', '10.6'),
(2013230017, 'bekasi timur', '11.024948897633', '11'),
(2013230018, 'pondok kopi', '2.1253252355336', '2.1'),
(2013230019, 'pondok kelapa', '1.1902437841081', '1.2'),
(2013230020, 'cakung ', '5.88542430473', '5.9'),
(2013230021, 'duren sawit', '1.0831374015197', '1.1'),
(2013230022, 'bekasi timur', '11.024948897633', '11'),
(2013230023, 'bekasi', '5.6741416872138', '5.7'),
(2013230024, 'bekasi barat', '4.5622035631333', '4.6'),
(2013230025, 'pancoran', '8.9045871389269', '8.9'),
(2013230026, 'cipayung', '11.095704706703', '11.1'),
(2013230027, 'jatibening', '4.491059049863', '4.5'),
(2013230028, 'pondok gede', '5.7871967393478', '5.8'),
(2013230029, 'pondok bambu', '2.3822187804946', '2.4'),
(2013230030, 'cililitan', '7.6935241242226', '7.7'),
(2013230031, 'bekasi barat', '4.5622035631333', '4.6'),
(2013230032, 'duren tiga', '10.565961924352', '10.6'),
(2013230033, 'pondok gede', '5.7871967393478', '5.8'),
(2013230034, 'cakung barat', '6.1795418153864', '6.2'),
(2013230035, 'penggilingan', '2.8528407874106', '2.9'),
(2013230036, 'cakung', '5.88542430473', '5.9'),
(2013230037, 'bekasi selatan', '6.5586431961643', '6.6'),
(2013230038, 'cipinang ', '4.4788204230399', '4.5'),
(2013230039, 'cakung', '5.88542430473', '5.9'),
(2013230040, 'babelan', '17.105913225077', '17.1'),
(2013230041, 'duren sawit', '1.0831374015197', '1.1'),
(2013230042, 'bintara', '4.5622035631333', '4.6'),
(2013230043, 'cakung', '5.88542430473', '5.9'),
(2013230044, 'perumnas klender', '1.6598042220206', '1.7'),
(2013230045, 'karawang', '41.848083254228', '41.8'),
(2013230046, 'tambun', '11.024948897633', '11'),
(2013230047, 'cipinang ', '4.4788204230399', '4.5'),
(2013230048, 'bintara', '4.5622035631333', '4.6'),
(2013230049, 'pangkalan jati', '18.062380358704', '18.1'),
(2013230050, 'pondok gede', '5.7871967393478', '5.8'),
(2013230051, 'bogor', '42.833800677196', '42.8'),
(2013230052, 'cibitung', '20.148110404964', '20.1'),
(2013230053, 'cengkareng', '22.845018394002', '22.8'),
(2013230054, 'kemayoran', '11.581012965873', '11.6'),
(2013230055, 'pondok gede', '5.7871967393478', '5.8'),
(2013230056, 'tambun', '11.024948897633', '11'),
(2013230057, 'klender', '2.7877847896525', '2.8'),
(2013230058, 'duren sawit', '1.0831374015197', '1.1'),
(2013230059, 'tambun', '11.024948897633', '11'),
(2013230060, 'cakung', '5.88542430473', '5.9'),
(2013230061, 'pondok gede', '5.7871967393478', '5.8'),
(2013230062, 'kayuringin', '6.8480561042889', '6.8'),
(2013230063, 'babelan', '17.105913225077', '17.1'),
(2013230064, 'pondok kelapa', '1.1902437841081', '1.2'),
(2013230065, 'banyumas', '281.46758387038', '281.5'),
(2013230066, 'tanah tinggi', '31.158893802626', '31.2'),
(2013230067, 'bekasi', '5.6741416872138', '5.7'),
(2013230068, 'karawaci', '34.127879783283', '34.1'),
(2013230069, 'pondok gede', '5.7871967393478', '5.8'),
(2013230070, 'komplek departemen pertanian', '13.413881750206', '13.4'),
(2013230071, 'cakung', '5.88542430473', '5.9'),
(2013230072, 'purbalingga', '300.92661457854', '300.9'),
(2013230073, 'duren sawit', '1.0831374015197', '1.1'),
(2013230074, 'pondok kopi', '2.1253252355336', '2.1'),
(2013230075, 'harapan mulya', '7.2569145039415', '7.3'),
(2013230076, 'pondok kelapa', '1.1902437841081', '1.2'),
(2013230077, 'kelapa gading', '8.0724234895698', '8.1'),
(2013230078, 'bekasi timur', '11.024948897633', '11'),
(2013230079, 'bekasi', '5.6741416872138', '5.7'),
(2013230080, 'cakung', '5.88542430473', '5.9'),
(2013230081, 'pasar rebo', '13.070323872116', '13.1'),
(2013230901, 'tambun', '11.024948897633', '11'),
(2013230902, 'bintara', '4.5622035631333', '4.6'),
(2013239002, 'pondok gede', '5.7871967393478', '5.8'),
(2014230001, 'pondok gede', '5.7871967393478', '5.8'),
(2014230002, 'bekasi', '5.6741416872138', '5.7'),
(2014230003, 'jatinegara', '4.6536354600882', '4.7'),
(2014230004, 'duren sawit', '1.0831374015197', '1.1'),
(2014230005, 'kampung pamahan', '8.326718951775', '8.3'),
(2014230006, 'cakung', '5.88542430473', '5.9'),
(2014230007, 'rawa badak', '12.593959773729', '12.6'),
(2014230008, 'klender', '2.7877847896525', '2.8'),
(2014230009, 'pondok kopi', '2.1253252355336', '2.1'),
(2014230010, 'pondok kopi', '2.1253252355336', '2.1'),
(2014230011, 'cilincing', '12.381998759883', '12.4'),
(2014230012, 'pondok ungu ', '10.643309151351', '10.6'),
(2014230013, 'Bojong rangkong', '2.5180308853409', '2.5'),
(2014230014, 'jati asih', '9.4119347303261', '9.4'),
(2014230015, 'cakung', '5.88542430473', '5.9'),
(2014230016, 'tebet', '8.5683872061381', '8.6'),
(2014230017, 'tambun ', '11.024948897633', '11'),
(2014230018, 'cakung', '5.88542430473', '5.9'),
(2014230019, 'bekasi selatan', '6.5586431961643', '6.6'),
(2014230020, 'matraman', '7.5657982938959', '7.6'),
(2014230021, 'bogor', '42.833800677196', '42.8'),
(2014230022, 'bintara', '4.5622035631333', '4.6'),
(2014230023, 'tambun', '11.024948897633', '11'),
(2014230024, 'pondok gede', '5.7871967393478', '5.8'),
(2014230025, 'pulo gebang', '4.042098277503', '4'),
(2014230026, 'bekasi barat', '4.5622035631333', '4.6'),
(2014230027, 'penggilingan', '2.8528407874106', '2.9'),
(2014230028, 'bekasi barat', '4.5622035631333', '4.6'),
(2014230029, 'bekasi barat', '4.5622035631333', '4.6'),
(2014230030, 'cakung', '5.88542430473', '5.9'),
(2014230031, 'pangkalan jati', '18.062380358704', '18.1'),
(2014230032, 'pondok gede', '5.7871967393478', '5.8'),
(2014230033, 'bekasi', '5.6741416872138', '5.7'),
(2014230034, 'buaran', '28.656866337876', '28.7'),
(2014230035, 'cikarang', '28.651788119016', '28.7'),
(2014230036, 'cikarang', '28.651788119016', '28.7'),
(2014230037, 'pondok kopi', '2.1253252355336', '2.1'),
(2014230038, 'cakung', '5.88542430473', '5.9'),
(2014230039, 'cibitung', '20.148110404964', '20.1'),
(2014230040, 'duren sawit', '1.0831374015197', '1.1'),
(2014230041, 'jati bening', '4.491059049863', '4.5'),
(2014230042, 'bekasi utara', '8.8111628201386', '8.8'),
(2014230043, 'pondok kopi', '2.1253252355336', '2.1'),
(2014230044, 'pulo gebang', '4.042098277503', '4'),
(2014230045, 'tanjung priok', '12.429375951303', '12.4'),
(2014230046, 'jakarta barat', '19.605967284447', '19.6'),
(2014230047, 'brebes', '233.00082344329', '233'),
(2014230048, 'duren sawit', '1.0831374015197', '1.1'),
(2014230049, 'cakung', '5.88542430473', '5.9'),
(2014230050, 'cilengsi', '19.238100967491', '19.2'),
(2014230051, 'citayem', '27.787574506189', '27.8'),
(2014230052, 'cipinang ', '4.4788204230399', '4.5'),
(2014230053, 'kebon baru', '7.1039084801478', '7.1'),
(2014230054, 'pulo gebang', '4.042098277503', '4'),
(2014230055, 'sukabumi', '77.532815300238', '77.5'),
(2014230056, 'pondok kelapa', '1.1902437841081', '1.2'),
(2014230057, 'penggilingan', '2.8528407874106', '2.9'),
(2014230058, 'duren sawit', '1.0831374015197', '1.1'),
(2014230059, 'penggilingan', '2.8528407874106', '2.9'),
(2014230060, 'cakung', '5.88542430473', '5.9'),
(2014230061, 'bambu apus', '9.0764091396115', '9.1'),
(2014230062, 'menteng', '10.972378814533', '11'),
(2014230063, 'tambun', '11.024948897633', '11'),
(2014230064, 'lampung selatan', '169.49324906434', '169.5'),
(2014230065, 'klender', '2.7877847896525', '2.8'),
(2014230066, 'bekasi', '5.6741416872138', '5.7'),
(2014230068, 'pondok gede', '5.7871967393478', '5.8'),
(2014230069, 'bekasi barat', '4.5622035631333', '4.6'),
(2014230070, 'duren sawit', '1.0831374015197', '1.1'),
(2014230072, 'ujung menteng', '5.700508889223', '5.7'),
(2014230073, 'jatinegara', '4.6536354600882', '4.7'),
(2014230074, 'tegal amba', '2.1677978908825', '2.2'),
(2014230075, 'kelapa gading', '8.0724234895698', '8.1'),
(2014230076, 'cipayung', '11.095704706703', '11.1'),
(2014230077, 'koja', '5412.5293277408', '5412.5'),
(2014230078, 'bantar gebang', '14.059079465376', '14.1'),
(2014230079, 'bekasi barat', '4.5622035631333', '4.6'),
(2014230080, 'kaliabang', '9.042944078414', '9'),
(2014230081, 'cibarusah', '31.471557601559', '31.5'),
(2014230082, 'depok', '23.962834909273', '24'),
(2014230083, 'bekasi barat', '4.5622035631333', '4.6'),
(2014230084, 'tambun ', '11.024948897633', '11'),
(2014230085, 'pondok bambu', '2.3822187804946', '2.4'),
(2014230086, 'cirebon', '188.25132251908', '188.3'),
(2014230087, 'cakung', '5.88542430473', '5.9'),
(2014230088, 'bintara', '4.5622035631333', '4.6'),
(2014230089, 'caman', '5962.4292193992', '5962.4'),
(2014230090, 'duren sawit', '1.0831374015197', '1.1'),
(2014230091, 'cilincing', '12.381998759883', '12.4'),
(2014230092, 'bekasi', '5.6741416872138', '5.7'),
(2014230093, 'pondok kelapa', '1.1902437841081', '1.2'),
(2014230901, 'tanggerang', '30.241880767282', '30.2'),
(2014230903, 'klender', '2.7877847896525', '2.8'),
(2014230904, 'jati asih', '9.4119347303261', '9.4'),
(2014230905, 'kranji', '10704.176791831', '10704.2'),
(2014239001, 'bintara', '4.5622035631333', '4.6'),
(2015230001, 'bekasi timur', '11.024948897633', '11'),
(2015230002, 'bintara', '4.5622035631333', '4.6'),
(2015230003, 'bantar gebang', '14.059079465376', '14.1'),
(2015230004, 'bekasi barat', '4.5622035631333', '4.6'),
(2015230005, 'kaliabang', '9.042944078414', '9'),
(2015230006, 'cibarusah', '31.471557601559', '31.5'),
(2015230007, 'depok', '23.962834909273', '24'),
(2015230008, 'bekasi barat', '4.5622035631333', '4.6'),
(2015230009, 'bantar gebang', '14.059079465376', '14.1'),
(2015230010, 'bekasi barat', '4.5622035631333', '4.6'),
(2015230011, 'kaliabang', '9.042944078414', '9'),
(2015230012, 'cibarusah', '31.471557601559', '31.5'),
(2015230013, 'depok', '23.962834909273', '24'),
(2015230014, 'bekasi barat', '4.5622035631333', '4.6'),
(2015230015, 'tambun ', '11.024948897633', '11'),
(2015230016, 'pondok bambu', '2.3822187804946', '2.4'),
(2015230017, 'cirebon', '188.25132251908', '188.3'),
(2015230018, 'cakung', '5.88542430473', '5.9'),
(2015230019, 'bintara', '4.5622035631333', '4.6'),
(2015230020, 'caman', '2', '2'),
(2015230021, 'duren sawit', '1.0831374015197', '1.1'),
(2015230022, 'cilincing', '12.381998759883', '12.4'),
(2015230023, 'bekasi', '5.6741416872138', '5.7'),
(2015230024, 'pondok kelapa', '1.1902437841081', '1.2'),
(2015230025, 'tanggerang', '30.241880767282', '30.2'),
(2015230026, 'klender', '2.7877847896525', '2.8'),
(2015230027, 'jati asih', '9.4119347303261', '9.4'),
(2015230028, 'kranji', '10704.176791831', '10704.2'),
(2015230029, 'bintara', '4.5622035631333', '4.6'),
(2015230030, 'bekasi timur', '11.024948897633', '11'),
(2015230031, 'bintara', '4.5622035631333', '4.6'),
(2015230032, 'bantar gebang', '14.059079465376', '14.1'),
(2015230033, 'bekasi barat', '4.5622035631333', '4.6'),
(2015230034, 'kaliabang', '9.042944078414', '9'),
(2015230035, 'cibarusah', '31.471557601559', '31.5'),
(2015230036, 'depok', '23.962834909273', '24'),
(2015230037, 'bekasi barat', '4.5622035631333', '4.6'),
(2015230038, 'cakung', '5.88542430473', '5.9'),
(2015230039, 'cakung', '5.88542430473', '5.9'),
(2015230040, 'bintara', '4.5622035631333', '4.6'),
(2015230041, 'bekasi timur', '11.024948897633', '11'),
(2015230042, 'bintara', '4.5622035631333', '4.6'),
(2015230043, 'bantar gebang', '14.059079465376', '14.1'),
(2015230044, 'bekasi barat', '4.5622035631333', '4.6'),
(2015230045, 'kaliabang', '9.042944078414', '9'),
(2015230046, 'cibarusah', '31.471557601559', '31.5'),
(2015230047, 'depok', '23.962834909273', '24'),
(2015230048, 'bekasi barat', '4.5622035631333', '4.6'),
(2015230049, 'cakung', '5.88542430473', '5.9'),
(2015230050, 'cakung', '5.88542430473', '5.9'),
(2015230051, 'bintara', '4.5622035631333', '4.6'),
(2015230052, 'bekasi timur', '11.024948897633', '11'),
(2015230053, 'bintara', '4.5622035631333', '4.6'),
(2015230054, 'bantar gebang', '14.059079465376', '14.1'),
(2015230055, 'bekasi barat', '4.5622035631333', '4.6'),
(2015230056, 'kaliabang', '9.042944078414', '9'),
(2015230057, 'cibarusah', '31.471557601559', '31.5'),
(2015230058, 'depok', '23.962834909273', '24'),
(2015230059, 'bekasi barat', '4.5622035631333', '4.6'),
(2015230060, 'cakung', '5.88542430473', '5.9'),
(2015230061, 'cakung', '5.88542430473', '5.9'),
(2015230062, 'bintara', '4.5622035631333', '4.6'),
(2015230063, 'bekasi timur', '11.024948897633', '11'),
(2015230064, 'bintara', '4.5622035631333', '4.6'),
(2015230065, 'bantar gebang', '14.059079465376', '14.1'),
(2015230066, 'bekasi barat', '4.5622035631333', '4.6'),
(2015230067, 'kaliabang', '9.042944078414', '9'),
(2015230068, 'cibarusah', '31.471557601559', '31.5'),
(2015230069, 'pondok kopi', '2.1253252355336', '2.1'),
(2015230070, 'cakung', '5.88542430473', '5.9'),
(2015230071, 'cibitung', '20.148110404964', '20.1'),
(2015230072, 'duren sawit', '1.0831374015197', '1.1'),
(2015230073, 'jati bening', '4.491059049863', '4.5'),
(2015230074, 'bekasi utara', '8.8111628201386', '8.8'),
(2015230075, 'pondok kopi', '2.1253252355336', '2.1'),
(2015230076, 'pulo gebang', '4.042098277503', '4'),
(2015230077, 'tanjung priok', '12.429375951303', '12.4'),
(2015230078, 'jakarta barat', '19.605967284447', '19.6'),
(2015230079, 'brebes', '233.00082344329', '233'),
(2015230080, 'duren sawit', '1.0831374015197', '1.1'),
(2015230081, 'cakung', '5.88542430473', '5.9'),
(2015230082, 'cilengsi', '19.238100967491', '19.2'),
(2015230083, 'citayem', '27.787574506189', '27.8'),
(2015230084, 'cipinang ', '4.4788204230399', '4.5'),
(2015230086, 'kebon baru', '7.1039084801478', '7.1'),
(2015230087, 'pondok gede', '4.9741002383707', '5'),
(2015230088, 'bekasi', '5.6741416872138', '5.7'),
(2015230089, 'buaran', '28.656866337876', '28.7'),
(2015230090, 'cikarang', '28.651788119016', '28.7'),
(2015230091, 'cikarang', '28.651788119016', '28.7'),
(2015230092, 'pondok kopi', '2.1253252355336', '2.1'),
(2015230093, 'cakung', '5.88542430473', '5.9'),
(2015230094, 'cibitung', '20.148110404964', '20.1'),
(2015230095, 'duren sawit', '1.0831374015197', '1.1'),
(2015230096, 'jati bening', '4.491059049863', '4.5'),
(2015230097, 'bekasi timur', '11.024948897633', '11'),
(2015230098, 'pondok kopi', '2.1253252355336', '2.1'),
(2015230099, 'pondok kelapa', '1.1902437841081', '1.2'),
(2015230100, 'cakung ', '5.88542430473', '5.9'),
(2015230101, 'duren sawit', '1.0831374015197', '1.1'),
(2015230102, 'bekasi timur', '11.024948897633', '11'),
(2015230103, 'bekasi', '5.6741416872138', '5.7'),
(2015230104, 'bekasi barat', '4.5622035631333', '4.6'),
(2015230105, 'pancoran', '8.9045871389269', '8.9'),
(2015230106, 'cipayung', '11.095704706703', '11.1'),
(2015230107, 'jatibening', '4.491059049863', '4.5'),
(2015230108, 'pondok gede', '4.9741002383707', '5'),
(2015230109, 'pondok bambu', '2.3822187804946', '2.4'),
(2015230110, 'cililitan', '7.6935241242226', '7.7'),
(2015230111, 'bekasi timur', '11.024948897633', '11'),
(2015230112, 'pondok kopi', '2.1253252355336', '2.1'),
(2015230113, 'pondok kelapa', '1.1902437841081', '1.2'),
(2015230114, 'cakung ', '5.88542430473', '5.9'),
(2015230115, 'duren sawit', '1.0831374015197', '1.1'),
(2015230116, 'bekasi timur', '11.024948897633', '11'),
(2015230117, 'bekasi', '5.6741416872138', '5.7'),
(2015230118, 'bekasi barat', '4.5622035631333', '4.6'),
(2015230119, 'pancoran', '8.9045871389269', '8.9'),
(2015230120, 'cipayung', '11.095704706703', '11.1'),
(2015230121, 'jatibening', '4.491059049863', '4.5'),
(2015230122, 'pondok gede', '4.9741002383707', '5'),
(2015230901, 'pondok bambu', '2.3822187804946', '2.4'),
(2015230902, 'cililitan', '7.6935241242226', '7.7'),
(2015230903, 'bekasi timur', '11.024948897633', '11'),
(2015230905, 'pondok kopi', '2.1253252355336', '2.1'),
(2015230906, 'pondok kelapa', '1.1902437841081', '1.2'),
(2015239001, 'cakung ', '5.88542430473', '5.9'),
(2015239002, 'pondok gede', '4.9741002383707', '5'),
(2147483647, 'duren sawit', '1.1', '');

-- --------------------------------------------------------

--
-- Table structure for table `chort_penghasilan`
--

CREATE TABLE `chort_penghasilan` (
  `id_penghasilan` int(20) NOT NULL,
  `jumlah_penghasilan` varchar(30) NOT NULL
) ENGINE=InnoDB DEFAULT CHARSET=latin1;

--
-- Dumping data for table `chort_penghasilan`
--

INSERT INTO `chort_penghasilan` (`id_penghasilan`, `jumlah_penghasilan`) VALUES
(1, '< 500.000'),
(2, '500.000 - 1.000.000'),
(3, '1.000.000 - 1.500.000'),
(4, '1.500.000 - 2.000.000'),
(5, '2.000.000 - 3.000.000'),
(6, '3.000.000 - 5.000.000'),
(7, '5.000.000 - 10.000.000'),
(8, '> 10.000.000');

-- --------------------------------------------------------

--
-- Table structure for table `datasets`
--

CREATE TABLE `datasets` (
  `nim` int(20) NOT NULL,
  `nama` varchar(50) NOT NULL,
  `ipk` varchar(30) NOT NULL,
  `semester` varchar(20) NOT NULL,
  `id_penghasilan` int(20) NOT NULL,
  `jarak` varchar(30) NOT NULL,
  `jenis_kelamin` varchar(10) NOT NULL,
  `beasiswa` int(5) NOT NULL,
  `fakta` int(2) NOT NULL,
  `lulus` int(2) NOT NULL,
  `d_o` int(10) NOT NULL
) ENGINE=InnoDB DEFAULT CHARSET=latin1;

--
-- Dumping data for table `datasets`
--

INSERT INTO `datasets` (`nim`, `nama`, `ipk`, `semester`, `id_penghasilan`, `jarak`, `jenis_kelamin`, `beasiswa`, `fakta`, `lulus`, `d_o`) VALUES
(2010230001, 'LUKMAN ARIF UTOMO', '2.4', '10', 3, '5.9', 'L', 0, 0, 0, 1),
(2010230002, 'MOHAMAD MAULANA SOLIN', '2.3', '6', 4, '24', 'L', 0, 0, 0, 1),
(2010230003, 'ASMARA DIMAS CHANDRA BIMA PUTRA', '2.5', '11', 3, '7.5', 'L', 0, 0, 0, 0),
(2010230004, 'REZA ADI YUDHA', '2.5', '8', 3, '5.7', 'L', 0, 0, 0, 1),
(2010230005, 'DASAM', '3.5', '6', 3, '12.4', 'L', 0, 0, 0, 1),
(2010230006, 'HARYO NUR PRASTOWO', '2.8', '9', 1, '3.1', 'L', 0, 0, 0, 1),
(2010230007, 'SODIKIN', '3', '8', 4, '4.6', 'L', 0, 0, 0, 0),
(2010230009, 'RIZKI WILDAN', '2.9', '8', 5, '39.1', 'L', 0, 0, 0, 0),
(2010230010, 'ROSA JUNIAR', '2.6', '8', 4, '4.6', 'P', 0, 0, 0, 0),
(2010230012, 'DIMAS BAYU PRASETYO', '2.2', '10', 6, '17.1', 'L', 0, 0, 0, 0),
(2010230013, 'WAHYU PURNOMO', '1.5', '2', 6, '4.6', 'L', 0, 0, 0, 1),
(2010230015, 'RIZKI UHTANDI', '2', '11', 6, '5.8', 'L', 0, 0, 0, 0),
(2010230016, 'DIAN PUSPITASARI', '2.9', '8', 7, '5.9', 'P', 0, 0, 0, 0),
(2010230017, 'FAHRUL ROZY', '2.8', '9', 1, '29.7', 'L', 0, 0, 0, 1),
(2010230019, 'ARY SETYAWAN', '2.3', '3', 6, '5.9', 'L', 0, 0, 0, 1),
(2010230020, 'FRISCA NELAWATY PANJAITAN', '2.1', '10', 6, '8.8', 'P', 0, 0, 0, 0),
(2010230021, 'ARDIANSYAH', '3.3', '8', 6, '8.8', 'L', 0, 0, 0, 0),
(2010230023, 'ALFAN SAPUTRA', '3.3', '8', 7, '2.8', 'L', 0, 0, 0, 0),
(2010230024, 'TJIPTO SETIAWAN', '3', '1', 3, '5.8', 'L', 0, 0, 0, 1),
(2010230025, 'YOPI LAE', '2', '1', 6, '1.2', 'L', 0, 0, 0, 1),
(2010230028, 'FRANRY CHANDRA YUDISTIRA', '3', '8', 7, '8.8', 'L', 0, 0, 0, 0),
(2010230029, 'ARLINA INDARYANTI', '2.7', '10', 6, '5.8', 'L', 0, 0, 0, 0),
(2010230030, 'RYAN HILMAN FIRDAUS', '2.8', '9', 4, '5.8', 'L', 0, 0, 0, 0),
(2010230031, 'DENNY', '3.5', '8', 1, '6.4', 'L', 0, 0, 0, 1),
(2010230032, 'DEDE NURHAYATI', '3', '6', 6, '4.7', 'P', 0, 0, 0, 0),
(2010230034, 'HIDAYAT RAHMAN', '2.6', '10', 6, '8.6', 'L', 0, 0, 0, 0),
(2010230037, 'NOVITASARI SUGIYANTI PANJAITAN', '2.3', '9', 6, '1.1', 'P', 0, 0, 0, 0),
(2010230038, 'DWI RICHI JULIAN', '2', '3', 5, '1.7', 'L', 0, 0, 0, 1),
(2010230039, 'ABIIH RAHMATULLAH', '2.1', '11', 8, '1.2', 'L', 0, 0, 0, 0),
(2010230040, 'RACHMAT MULYA NAGATA', '2.3', '6', 6, '4.7', 'L', 0, 0, 0, 0),
(2010230041, 'DWI YUDHA PRAKOSO', '2.4', '9', 5, '18.1', 'L', 0, 0, 0, 0),
(2010230042, 'ICHSAN AULYANSYAH', '2.9', '9', 6, '6.4', 'L', 0, 0, 0, 0),
(2010230043, 'IBRAHIM SHALEH', '2.6', '9', 5, '8.6', 'L', 0, 0, 0, 0),
(2010230044, 'IKMAL QULBUDDIN ILYAS', '3', '7', 5, '1.2', 'L', 0, 0, 0, 0),
(2010230045, 'FRIDA ASTUTI DIANITA PUTRI', '2.9', '10', 5, '1.1', 'P', 0, 0, 0, 0),
(2010230047, 'KHAFIT BIMO PRASETYO', '3.2', '9', 6, '6.2', 'L', 0, 0, 0, 0),
(2010230048, 'HENGKI PIYERE', '1.8', '5', 6, '5.9', 'L', 0, 0, 0, 1),
(2010230050, 'SHOLEH SAPUTRA', '1', '1', 6, '30.7', 'L', 0, 0, 0, 1),
(2010230051, 'DESRI KURNIAWAN', '2.5', '10', 7, '7.7', 'L', 0, 0, 0, 0),
(2010230052, 'GUSTI SUGIH WIBOWO', '2', '1', 1, '17.1', 'L', 0, 0, 0, 1),
(2010230053, 'ANITA DWINDA RACHMAWATI', '2.9', '9', 7, '4.6', 'P', 0, 0, 0, 0),
(2010230055, 'ASTRI HAPSARI', '3', '8', 4, '1.2', 'P', 0, 0, 0, 0),
(2010230057, 'DWI ANDRIANI', '2.8', '8', 5, '6.8', 'P', 0, 0, 0, 0),
(2010230058, 'ASHARI RAHMAWAN', '2.6', '9', 6, '2.5', 'L', 0, 0, 1, 0),
(2010230059, 'RIAN HIDAYATULLOH', '2.8', '10', 6, '9.4', 'L', 0, 0, 0, 0),
(2010230060, 'AHSANI TAQWIM BURHAN', '2.6', '7', 5, '4.6', 'L', 0, 0, 0, 0),
(2010230061, 'DIDIN DINARSAN', '2.7', '9', 7, '1.1', 'L', 0, 0, 1, 0),
(2010230062, 'FRANSISCUS XAVERIUS DWI SAPUTRA', '2.5', '11', 6, '11', 'L', 0, 0, 1, 0),
(2010230063, 'RIZKA NUR ANISA', '2.9', '9', 8, '5.8', 'P', 0, 0, 0, 0),
(2010230064, 'ELMINA DAHLIA', '3.4', '8', 5, '2.4', 'P', 0, 0, 1, 0),
(2010230065, 'EKO HADY PRAYITNO', '2.6', '8', 6, '3', 'L', 0, 0, 0, 0),
(2010230066, 'YAYAN PERDANA', '2.5', '8', 6, '6.6', 'L', 0, 0, 0, 0),
(2010230067, 'NURIKHSAN JUNIANTO', '2.9', '8', 7, '3', 'L', 0, 0, 0, 0),
(2010230068, 'DESTA OKTRI IRENA', '2.9', '8', 1, '2.9', 'P', 0, 0, 0, 1),
(2010230069, 'GUSTI RINANJAR', '2.4', '11', 6, '1.2', 'L', 0, 0, 0, 0),
(2010230070, 'DEDY SINAGA', '2', '5', 7, '11.9', 'L', 0, 0, 0, 1),
(2010230071, 'WAHYU ARI NUGROHO', '3', '9', 6, '470.2', 'L', 0, 0, 0, 0),
(2010230072, 'LARAS SULISTYA PANGESTIKA', '3.1', '8', 4, '3', 'P', 0, 0, 0, 0),
(2010230073, 'LUSIYANA', '2', '2', 1, '5.8', 'P', 0, 0, 0, 1),
(2010230074, 'ZHARFAN', '1.5', '2', 6, '6.4', 'L', 0, 0, 0, 1),
(2010230075, 'MAULIDHA OKTAVIANI PANE', '2.3', '10', 8, '2.9', 'P', 0, 0, 0, 0),
(2010230077, 'RICO FERNANDO SIREGAR', '1', '1', 5, '1425.9', 'L', 0, 0, 0, 1),
(2010230078, 'INDAH EKO WATI', '2.7', '9', 6, '5.7', 'P', 0, 0, 0, 0),
(2010230079, 'ARYA PRASETIO MAWARDI', '2.3', '8', 5, '20.1', 'L', 0, 0, 0, 0),
(2010230080, 'DWI SUTRISNO', '3', '8', 5, '4.5', 'L', 0, 0, 0, 0),
(2010230081, 'BINTANG FAJAR KURNIA', '2.9', '8', 5, '18.1', 'L', 0, 0, 0, 0),
(2010230082, 'YUSRON YAZID', '2.9', '8', 6, '24', 'L', 0, 0, 1, 0),
(2010230083, 'MAHYUDI', '3', '7', 6, '5', 'L', 0, 0, 0, 0),
(2010230085, 'HERDY SUTRISNO', '2.9', '8', 6, '9.9', 'L', 0, 0, 0, 0),
(2010230086, 'EDWARD ZULMI AZIZ', '2.4', '9', 7, '7', 'L', 0, 0, 0, 0),
(2010230087, 'MUHAMMAD NURUL MAARIF', '2.7', '7', 1, '5.9', 'L', 0, 0, 0, 1),
(2010230088, 'YOGI NUGRAHA', '2.2', '10', 7, '11', 'L', 0, 0, 1, 0),
(2010230089, 'SEPTIAN INDRA MAULANA', '2', '1', 4, '10704.2', 'L', 0, 0, 0, 1),
(2010230090, 'RACHMAT HIDAYAT', '3.1', '8', 4, '1.1', 'L', 0, 0, 0, 0),
(2010230091, 'SATRIADI ALHAM JAMI', '1.5', '2', 1, '12.4', 'L', 0, 0, 0, 1),
(2010230092, 'AGUS RIYADI', '2.9', '8', 5, '8.8', 'L', 0, 0, 0, 0),
(2010230093, 'PUTRI FUZI PANGESTI', '2.4', '10', 6, '5.9', 'L', 0, 0, 0, 0),
(2010230094, 'WAHYUDIN S', '1', '1', 6, '4.6', 'L', 0, 0, 0, 1),
(2010230095, 'M FADHLAN SATRIA', '2.6', '8', 5, '4.6', 'L', 0, 0, 0, 0),
(2010230096, 'HENDRA', '1.9', '8', 7, '8.1', 'L', 0, 0, 0, 0),
(2010230097, 'IMROTHUS SAVINAH', '2.4', '10', 6, '5.9', 'P', 0, 0, 0, 0),
(2010230099, 'PRATIKA ARONA MAWARI', '2.7', '7', 5, '5.8', 'P', 0, 0, 0, 0),
(2010230100, 'FERY PRASETYO', '2.8', '8', 7, '4.6', 'L', 0, 0, 0, 0),
(2010230101, 'DESIAN SYUKARA', '2.8', '8', 6, '11', 'L', 0, 0, 0, 0),
(2010230102, 'MUHAMMAD CHAIRUDIN', '2.1', '7', 6, '3', 'L', 0, 0, 0, 0),
(2010230106, 'ACHMAD SAYUTI', '3.2', '9', 6, '22.8', 'L', 0, 0, 0, 0),
(2010230108, 'VONNI KLARINA', '2.5', '8', 4, '1.1', 'P', 0, 0, 0, 1),
(2010230109, 'MUHAMMAD MUKHLIS', '1.5', '2', 4, '6.6', 'L', 0, 0, 0, 1),
(2010230110, 'AHMAD ISKANDAR', '2', '1', 7, '5.8', 'L', 0, 0, 0, 1),
(2010230111, 'MAHMUD SEMBIRING', '2.3', '10', 4, '18.7', 'L', 0, 0, 0, 0),
(2010230113, 'JUNAIDI RAMLI', '2.9', '9', 4, '11.5', 'L', 0, 0, 0, 0),
(2010230114, 'EVI SUSANTI', '2.4', '7', 6, '1.1', 'P', 0, 0, 0, 0),
(2010230901, 'MUHAMMAD FERDINAL KARIZA', '2.4', '7', 4, '9.4', 'L', 0, 0, 0, 1),
(2010230902, 'HERIS PADILAH', '3', '4', 7, '28.7', 'L', 0, 0, 0, 0),
(2010239001, 'ARIF WINANDAR', '3.6', '9', 4, '1.2', 'L', 0, 0, 1, 0),
(2010239006, 'YUNIZAR WARDIANSYAH', '1', '1', 4, '4', 'L', 0, 0, 0, 1),
(2011230001, 'AHMAD FAUJI', '1.5', '2', 4, '4', 'L', 0, 1, 0, 1),
(2011230002, 'DESNAL', '2.9', '10', 5, '9.4', 'L', 0, 0, 0, 0),
(2011230003, 'TAUFIK PRABOWO', '3.1', '8', 4, '5.9', 'L', 0, 0, 0, 0),
(2011230004, 'SYOFIARIZAL WAHYU ILLAHI', '3', '8', 6, '1.2', 'L', 0, 0, 0, 0),
(2011230005, 'FIKY FADILAH', '1.5', '2', 1, '10.6', 'L', 0, 0, 0, 1),
(2011230006, 'RAFIANTO', '2.7', '7', 5, '4', 'L', 0, 1, 0, 0),
(2011230007, 'ANDRIANA', '1.9', '10', 4, '9', 'L', 0, 0, 0, 0),
(2011230008, 'MOHAMAD RIZKY ADZANO', '2.2', '9', 6, '10.8', 'L', 0, 0, 0, 0),
(2011230009, 'UMI FADILATUN', '3.2', '8', 3, '1.2', 'P', 0, 0, 1, 0),
(2011230010, 'YULIANDRI TANJUNG', '2.3', '10', 1, '8.8', 'L', 0, 0, 0, 1),
(2011230012, 'RIDHO MASEFTIAN', '2.1', '9', 1, '20.1', 'L', 0, 0, 0, 1),
(2011230013, 'FEBRIANTO DWI CAHYO', '2.8', '9', 4, '4.6', 'L', 0, 0, 1, 0),
(2011230014, 'SHAFRIZAL', '2.8', '9', 6, '4.7', 'L', 0, 0, 1, 0),
(2011230015, 'TRIWIBOWO', '2.2', '10', 5, '5.8', 'L', 0, 0, 0, 0),
(2011230016, 'MOHAMMAD UMRI NOVIANTO', '3.4', '9', 6, '5.8', 'L', 0, 0, 0, 0),
(2011230017, 'ISA NUR FAJAR', '1.5', '2', 4, '2.4', 'L', 0, 0, 0, 1),
(2011230019, 'ZAKA PERMANA SETYA', '1.8', '9', 5, '11', 'L', 0, 0, 0, 0),
(2011230020, 'SUSILO WIDIKSONO', '2.7', '10', 3, '9.4', 'L', 0, 0, 1, 0),
(2011230021, 'HUSNUR RAHIEM', '2.1', '10', 4, '9', 'L', 0, 0, 1, 0),
(2011230022, 'SYARIFUDIN LUTFIA RAHMAN', '2.3', '10', 7, '5.9', 'L', 0, 0, 0, 0),
(2011230023, 'HENDA SEPTIAN', '1.7', '10', 1, '2.9', 'L', 0, 0, 0, 1),
(2011230024, 'MUHAMMAD IRSYADUL IBAD', '1.9', '10', 4, '2.8', 'L', 0, 0, 0, 0),
(2011230025, 'TATI SETIANINGRUM', '2.6', '8', 1, '2.9', 'P', 0, 0, 1, 1),
(2011230026, 'FAISAL RIVAI', '2', '1', 1, '11', 'L', 0, 0, 0, 1),
(2011230027, 'ADITIA ARI SUSENO', '2', '1', 4, '7.6', 'L', 0, 0, 0, 1),
(2011230028, 'ADRIAN CLINTON UDY', '2', '2', 6, '11', 'L', 0, 0, 0, 1),
(2011230029, 'SYAIFUL ANDRI SETIAWAN', '2.4', '10', 4, '11', 'L', 0, 0, 1, 0),
(2011230030, 'MUHAMMAD RANDI', '1.9', '10', 6, '3.9', 'L', 0, 0, 0, 0),
(2011230031, 'ARDHAN NUGRAHA RAMADHAN', '2', '1', 8, '8.8', 'L', 0, 0, 0, 1),
(2011230034, 'MOHAMMAD IQBAL DWI SETIADANI', '2.7', '9', 5, '6.2', 'L', 0, 0, 1, 0),
(2011230035, 'CHANDRA HADIYANTO', '2', '10', 7, '1.1', 'L', 0, 0, 0, 0),
(2011230036, 'ALFIN ALATIF', '2.3', '8', 6, '4.6', 'L', 0, 0, 0, 0),
(2011230037, 'DIMAS DWI  HARDANA', '2.4', '9', 6, '8.8', 'L', 0, 0, 0, 0),
(2011230038, 'BAGUS APRYANTO', '2.4', '9', 4, '8.8', 'L', 0, 0, 0, 0),
(2011230039, 'SHALAHUDIN AL AYUBI', '2.4', '9', 6, '8.8', 'L', 0, 0, 0, 0),
(2011230040, 'RIZKY MULYO RAHARJO', '2.2', '10', 6, '8.8', 'L', 0, 0, 0, 0),
(2011230043, 'FEBRIKA PUJIASMORO', '3', '8', 4, '8.8', 'L', 0, 0, 0, 0),
(2011230044, 'FAISAL MAHDI', '2.9', '9', 7, '9', 'L', 0, 0, 0, 0),
(2011230045, 'ABDUL JABAR HAKIM', '2.9', '8', 4, '4.6', 'L', 0, 0, 1, 0),
(2011230047, 'DODDY ARVIAN', '1.8', '9', 4, '9', 'L', 0, 0, 0, 1),
(2011230048, 'DADI RAHMATULLOH', '1', '1', 6, '10.6', 'L', 0, 0, 0, 1),
(2011230049, 'SUWARDI', '1', '1', 4, '10.6', 'L', 0, 0, 0, 1),
(2011230050, 'BRAMANTIYOKO SETIAWAN', '2', '10', 7, '10.6', 'L', 0, 0, 0, 0),
(2011230052, 'NUR HAPID', '2', '2', 4, '4.6', 'L', 0, 0, 0, 1),
(2011230901, 'HASBI YALLAH', '2', '2', 6, '41.3', 'L', 0, 0, 0, 1),
(2011230902, 'RIO FERNANDO PARSAORAN', '2', '4', 5, '11', 'L', 0, 0, 0, 1),
(2011230903, 'AGUS FADILAH', '2.3', '6', 4, '41.3', 'L', 0, 0, 0, 1),
(2011230904, 'RATNA YUNINGTIAS RITONGA', '2.8', '5', 6, '1.2', 'P', 0, 0, 0, 0),
(2011239001, 'SUPRIYO', '2', '4', 1, '10.6', 'L', 0, 0, 0, 1),
(2012230001, 'ANDRI WAHYU SEJATI', '3.1', '8', 4, '8.1', 'L', 0, 0, 0, 0),
(2012230003, 'ASEP ADE PRATAMA', '3', '8', 3, '5.9', 'L', 0, 0, 0, 0),
(2012230005, 'PRAVANGASTA ANGGA HERMAWAN', '2.8', '8', 6, '16.6', 'L', 0, 0, 0, 0),
(2012230006, 'MUHAMMAD FAHRRU ROZI', '1.8', '4', 1, '10.6', 'L', 0, 0, 0, 1),
(2012230007, 'RICKY FITRAH ABHARI', '1.6', '8', 4, '10.6', 'L', 0, 0, 0, 1),
(2012230008, 'MUHAMMAD HAFIZ', '2.9', '8', 6, '11.9', 'L', 0, 0, 0, 0),
(2012230009, 'GUSTAF PAHLEVI', '2.9', '8', 5, '11', 'L', 0, 0, 0, 0),
(2012230011, 'RIZKAR ROEHYAT NOOR', '2.6', '8', 4, '10.6', 'L', 0, 0, 0, 0),
(2012230013, 'RACHMAD DWI KURNIAWAN', '2.1', '3', 3, '3.6', 'L', 0, 1, 0, 1),
(2012230014, 'ANDI GUNARDI', '2', '1', 3, '10.6', 'L', 0, 0, 0, 1),
(2012230015, 'THIOFANI AUGUSTINA EDYSON', '2', '4', 4, '10.6', 'P', 0, 1, 0, 1),
(2012230016, 'RENDY NUR ILLAHI', '2.8', '8', 7, '9', 'L', 0, 0, 0, 0),
(2012230017, 'MUKLIS HANAFI', '3', '8', 1, '17.1', 'L', 0, 0, 0, 1),
(2012230019, 'CHINTYA MILARISKY', '1.5', '2', 1, '10.6', 'P', 0, 0, 0, 1),
(2012230020, 'MOHAMAD ZUBAIR', '3', '3', 1, '10.6', 'L', 0, 0, 0, 1),
(2012230022, 'WARDAYAT', '2.6', '8', 4, '8.1', 'L', 0, 0, 0, 0),
(2012230023, 'DANI SUPATMIYATI', '3', '2', 6, '17.1', 'P', 0, 0, 0, 1),
(2012230024, 'FAISAL RIDWAN', '2.5', '2', 4, '5.9', 'L', 0, 0, 0, 1),
(2012230025, 'DAMHUDI EFFENDI', '2.9', '8', 1, '8.1', 'L', 0, 0, 0, 1),
(2012230026, 'FAHROEL MOCHAMMAD', '2', '1', 4, '17.1', 'L', 0, 0, 0, 1),
(2012230027, 'NOVIANI WIDYA SARI', '3.3', '8', 3, '4.6', 'P', 0, 0, 1, 0),
(2012230028, 'ILHAM YULYANSYA', '2.6', '8', 2, '5.9', 'L', 0, 0, 0, 1),
(2012230029, 'KHOMSIN', '1', '1', 6, '5.9', 'L', 0, 0, 0, 1),
(2012230030, 'MUHAMAD IRVAN NUR', '2.8', '8', 1, '5.9', 'L', 0, 0, 0, 1),
(2012230031, 'MUHAMMAD ABDUL AZIS', '1', '1', 4, '5.9', 'L', 0, 0, 0, 1),
(2012230032, 'PUTRI HANDAYANI', '3.3', '7', 4, '4.6', 'P', 0, 0, 0, 0),
(2012230033, 'DWI HARTANTO', '2.8', '4', 5, '5.9', 'L', 0, 0, 0, 1),
(2012230034, 'UMMUL AFIFAH', '2.9', '8', 4, '1.1', 'P', 0, 0, 0, 0),
(2012230035, 'ROBBY WISMA HIDAYAT', '1', '1', 6, '5.8', 'L', 0, 0, 0, 1),
(2012230037, 'MUHAMMAD RIZKY RIVALDI', '2.1', '8', 6, '5.8', 'L', 0, 0, 0, 0),
(2012230038, 'AMELIA DESMITASARI', '2.6', '7', 3, '5.8', 'P', 0, 1, 0, 1),
(2012230039, 'AMELIA SEPTIE VERGISHA', '2', '2', 1, '5.8', 'L', 0, 1, 0, 1),
(2012230040, 'FACHRUR ROZI', '2.3', '3', 6, '1.1', 'L', 0, 0, 0, 1),
(2012230041, 'HENRYANI ADELSA', '2.3', '8', 7, '5.8', 'P', 0, 0, 0, 0),
(2012230042, 'RIZKY HALIM SAPUTRA', '2', '2', 6, '5.8', 'L', 0, 0, 0, 1),
(2012230045, 'BERNARDUS BEDA LOJOR', '1', '1', 1, '5.8', 'L', 0, 0, 0, 1),
(2012230047, 'DENA YUNITA', '3', '2', 6, '8.8', 'P', 0, 1, 0, 1),
(2012230048, 'JUAN RIFAI', '2.5', '8', 8, '5.9', 'L', 0, 0, 0, 0),
(2012230049, 'JUHARDI HAMSYAH', '2.6', '8', 6, '28.7', 'L', 0, 0, 0, 0),
(2012230050, 'RAMANDA AULIA', '1.5', '2', 5, '5.8', 'L', 0, 0, 0, 1),
(2012230051, 'LUKMAN NURHAKIM', '2', '1', 6, '5.8', 'L', 0, 0, 0, 1),
(2012230052, 'DEWI WULANDARI', '3.4', '7', 5, '4.5', 'P', 0, 0, 0, 0),
(2012230054, 'ZACKI ALFAROBY', '3.4', '5', 5, '5.8', 'L', 0, 0, 0, 0),
(2012230056, 'MUHAMMAD IKHSAN HASIBUAN', '1', '1', 6, '5.8', 'L', 0, 0, 0, 1),
(2012230057, 'CHAIDIR AKBAR', '1', '1', 6, '5.8', 'L', 0, 0, 0, 1),
(2012230058, 'RIKI RETNO PURWANTO', '2', '1', 6, '5.8', 'L', 0, 0, 0, 1),
(2012230060, 'THEZARA LEONY', '2', '2', 1, '5.8', 'L', 0, 0, 0, 1),
(2012230061, 'HENDRICK YOSE GABE', '1', '1', 7, '5.8', 'L', 0, 0, 0, 1),
(2012230062, 'ISHAK MUHAMAD LUTHFI', '2.6', '8', 4, '162.2', 'L', 0, 0, 0, 0),
(2012230063, 'FARAFLY SATRIA POLIOTO', '1.6', '8', 4, '10.6', 'L', 0, 0, 0, 1),
(2012230064, 'VICKY NUR SOPIAN', '2', '2', 1, '5.8', 'L', 0, 0, 0, 1),
(2012230065, 'EGA PRASETYA', '1', '1', 5, '5.9', 'L', 0, 0, 0, 1),
(2012230066, 'DIANA NUR MAULIDA', '3', '3', 6, '2.1', 'P', 0, 0, 0, 1),
(2012230067, 'UNO AENUN ACHSON', '3', '8', 6, '3', 'L', 0, 0, 0, 0),
(2012230068, 'UJANG KURNIAWAN', '2', '1', 5, '5.8', 'L', 0, 0, 0, 1),
(2012230200, 'YAHYA', '3.2', '8', 1, '1.6', 'L', 0, 0, 0, 1),
(2012230201, 'RIANTO', '1.0', '8', 1, '1.6', 'L', 0, 0, 0, 1),
(2012230901, 'YADI NURDIN', '3', '4', 7, '6.6', 'L', 0, 0, 0, 0),
(2012230902, 'DENY HARTANTO', '2.5', '2', 6, '5.9', 'L', 0, 0, 0, 1),
(2012230903, 'YULIENDI TANJUNG', '1.7', '3', 8, '5.8', 'L', 0, 0, 0, 1),
(2012230904, 'SUHERMAN', '2.3', '4', 5, '5.8', 'L', 0, 0, 0, 1),
(2012230905, 'TIRTA BAYU SATRIA', '2.8', '4', 7, '5.8', 'L', 0, 0, 0, 0),
(2012239001, 'BUDI MUHAROM', '2.3', '10', 6, '5.8', 'L', 0, 0, 0, 0),
(2013230001, 'ADE MUSLIM', '2.8', '5', 6, '189.4', 'L', 0, 0, 0, 0),
(2013230004, 'EKO BAMBANG SADEWO', '2.7', '6', 6, '11', 'L', 0, 0, 0, 0),
(2013230006, 'AMALIA MAWADDAH', '3.3', '6', 6, '1.1', 'P', 0, 0, 0, 0),
(2013230008, 'RAMDHAN DWI ANTORO', '2.5', '6', 4, '5.7', 'L', 0, 0, 0, 0),
(2013230009, 'RAKHMAT HIDAYAT', '1.5', '2', 4, '4', 'L', 0, 1, 0, 1),
(2013230010, 'KIKI MINAWATI', '3', '6', 7, '5.9', 'P', 0, 0, 0, 0),
(2013230012, 'MEGGI', '3', '2', 4, '832.4', 'P', 0, 0, 0, 1),
(2013230013, 'R. BENNY FIRMAN PUJI HARTANTO', '2', '1', 5, '11', 'L', 0, 0, 0, 1),
(2013230014, 'SYARIF HIDAYATULLAH', '2.2', '6', 4, '4.9', 'L', 0, 0, 0, 0),
(2013230015, 'KUKUH PRADITYO', '2.6', '5', 6, '5.8', 'L', 0, 0, 0, 0),
(2013230016, 'PUNGKY MURANTO', '2', '6', 4, '10.6', 'L', 0, 0, 0, 0),
(2013230017, 'RAKA GUSTI PRADANA', '2.8', '6', 7, '11', 'L', 0, 0, 0, 0),
(2013230018, 'JUNDI LUQMAN FIRDAUS', '2.7', '6', 4, '2.1', 'L', 0, 0, 0, 0),
(2013230019, 'ADITYA ARIE NOVIANTORO', '2', '1', 4, '1.2', 'L', 0, 0, 0, 1),
(2013230020, 'AHMAD FAUZI', '1.5', '2', 6, '5.9', 'L', 0, 1, 0, 1),
(2013230021, 'SAMSUL ARIFIN', '2.3', '6', 5, '1.1', 'L', 0, 0, 0, 0),
(2013230023, 'YUSUF FAHRUDIN', '2.8', '6', 6, '5.7', 'L', 0, 0, 0, 0),
(2013230024, 'YUSUF MAULANA ', '2.8', '6', 1, '4.6', 'L', 0, 0, 0, 1),
(2013230025, 'IMAM SYAHRU RAMADHANA', '2.7', '6', 6, '8.9', 'L', 0, 0, 0, 0),
(2013230026, 'RAMA CAESAR AGUSTI', '2.2', '6', 6, '11.1', 'L', 0, 0, 0, 0),
(2013230027, 'RIO KASTANEDA', '1', '1', 7, '4.5', 'L', 0, 1, 0, 1),
(2013230028, 'DANI ARIYANTO H', '1.5', '2', 1, '5.8', 'L', 0, 1, 0, 1),
(2013230029, 'R.A LUNA SHAFA ZAIRA', '3', '6', 7, '2.4', 'P', 0, 0, 0, 0),
(2013230030, 'ANIS SUBHAN', '2.5', '6', 4, '7.7', 'L', 0, 0, 0, 0),
(2013230031, 'DIMAS PRASSATRIO', '2.4', '5', 4, '4.6', 'L', 0, 0, 0, 0),
(2013230032, 'TRI ANTO FAJAR', '3', '6', 4, '10.9', 'L', 0, 0, 0, 0),
(2013230033, 'AGUS TRIONO', '3.2', '6', 5, '5.8', 'L', 0, 0, 0, 0),
(2013230036, 'RATIH DWILESTARI', '3.2', '6', 5, '5.9', 'P', 0, 0, 0, 0),
(2013230037, 'WAHYU PANGIHUTAN', '1.8', '6', 7, '6.6', 'L', 0, 0, 0, 0),
(2013230038, 'WINDI TRIYANI', '3', '6', 6, '4.5', 'P', 0, 0, 0, 0),
(2013230039, 'LISA AWALIA HANDAYANI', '3', '6', 8, '5.9', 'P', 0, 0, 0, 0),
(2013230040, 'MUHAMMAD ADITYA WIGUNA', '3', '6', 5, '17.1', 'L', 0, 0, 0, 0),
(2013230041, 'MUHAMMAD FADILAH', '1.8', '6', 7, '1.1', 'L', 0, 0, 0, 0),
(2013230042, 'ZAINAL ARIFIN', '2.7', '6', 6, '4.6', 'L', 0, 0, 0, 0),
(2013230043, 'LAELI ATIKOH', '3', '6', 6, '5.9', 'P', 0, 0, 0, 0),
(2013230045, 'SIDIQ DHARMAWAN ', '2.5', '6', 6, '41.8', 'L', 0, 0, 0, 0),
(2013230046, 'CEPY ABDUL KAHFI', '2.7', '6', 6, '11', 'L', 0, 0, 0, 0),
(2013230047, 'STEPHANUS RESDI LAZUARDI ', '1.5', '2', 6, '4.5', 'L', 0, 0, 0, 1),
(2013230048, 'ASTI GENTRA KATRESNA', '3.5', '6', 4, '4.6', 'P', 0, 0, 0, 0),
(2013230049, 'MUSTOPA KAMALUDIN', '2', '6', 4, '18.1', 'L', 0, 0, 0, 0),
(2013230050, 'VIKKY VIBHIANSYAH', '2', '1', 7, '5.8', 'L', 0, 0, 0, 1),
(2013230051, 'ERWIN HAMONANGAN LUMBAN TOBING', '1', '2', 4, '42.8', 'L', 0, 0, 0, 1),
(2013230052, 'NILA CAHYANINGRUM', '1.3', '3', 5, '20.1', 'P', 0, 0, 0, 1),
(2013230053, 'NIKCO PRAMUJI SETIYOKO', '2.7', '6', 4, '22.8', 'L', 0, 0, 0, 0),
(2013230054, 'VIRGIAWAN EKO YUDHA H S', '1', '2', 6, '11.6', 'L', 0, 1, 0, 1),
(2013230055, 'RYAN RIZKI LUTHFIANSYAH', '1', '1', 4, '5.8', 'L', 0, 0, 0, 1),
(2013230056, 'REZA EKA PRASETYO', '2', '6', 7, '11', 'L', 0, 0, 0, 0),
(2013230057, 'RIYANTO', '2.2', '6', 4, '2.8', 'L', 0, 0, 0, 0),
(2013230058, 'PRAMESTI HATTA K', '2.8', '5', 4, '1.1', 'L', 0, 0, 0, 0),
(2013230059, 'NARYO', '2.5', '2', 6, '11', 'L', 0, 0, 0, 1),
(2013230060, 'SEPTIAN CARITO PUTRO', '2.6', '5', 5, '5.9', 'L', 0, 0, 0, 0),
(2013230061, 'HELMI ARIWIBOWO', '3', '2', 1, '5.8', 'L', 0, 0, 0, 1),
(2013230062, 'ANDREA DAMAYANTI', '2.7', '6', 6, '6.8', 'P', 0, 0, 0, 0),
(2013230063, 'BAYU  AJI PRAMBUDI', '2.5', '4', 1, '17.1', 'L', 0, 0, 0, 1),
(2013230065, 'DIDI AGUS PRIYANTO', '3', '2', 4, '281.5', 'L', 0, 0, 0, 1),
(2013230067, 'RENI LESTARI', '1', '1', 1, '5.7', 'P', 0, 0, 0, 1),
(2013230068, 'ANDIKA SAYUTI SYAH', '2.3', '6', 3, '34.1', 'L', 0, 0, 0, 1),
(2013230070, 'ALDI SETYAWAN WIJAYA', '3.2', '6', 4, '13.4', 'L', 0, 0, 0, 0),
(2013230071, 'TEGUH ANDHI PRADANA', '2.8', '6', 4, '5.9', 'L', 0, 0, 0, 0),
(2013230072, 'NORMA ZERLINA AMADEA', '2.2', '6', 6, '300.9', 'P', 0, 0, 0, 0),
(2013230073, 'ROFI WIHARYADI', '2.7', '6', 5, '1.1', 'L', 0, 0, 0, 0),
(2013230074, 'DENLY ALISLAMIE THENDEAN', '2.5', '4', 6, '2.1', 'L', 0, 0, 0, 0),
(2013230075, 'BUNYANUM MARSUS', '1', '2', 4, '7.3', 'L', 0, 0, 0, 1),
(2013230076, 'MUHAMAD ZAINUDIN', '2.2', '5', 4, '1.2', 'L', 0, 0, 0, 0),
(2013230077, 'LINDA SORAYA SEPTIANA', '2.8', '5', 5, '8.1', 'P', 0, 0, 0, 0),
(2013230078, 'SRI WIDIA ASTUTI', '2.8', '6', 3, '11', 'P', 0, 0, 0, 0),
(2013230080, 'RIYAN GUFRONI', '2.2', '6', 7, '5.9', 'L', 0, 0, 0, 0),
(2013230081, 'HENDRO NURUL JAMAL', '3', '1', 1, '13.1', 'L', 0, 0, 0, 1),
(2013230180, 'LISTYOWATI', '2.5', '2', 4, '1', 'P', 1, 0, 0, 1),
(2013230190, 'FARID', '3.21', '6', 2, '4.6', 'L', 0, 0, 0, 0),
(2013230901, 'ADI SUHARJO', '2.7', '6', 4, '11', 'L', 0, 0, 0, 0),
(2013230902, 'ZARKASIH HARIS HAMDI', '1', '1', 1, '4.6', 'L', 0, 0, 0, 1),
(2013239002, 'ROBBY SLAMET SUPRIYADI', '1.9', '10', 1, '5.8', 'L', 0, 0, 0, 1),
(2014230001, 'BENARDI', '3', '4', 4, '5.8', 'L', 0, 0, 0, 0),
(2014230002, 'RIAN ANDRIYUSADI', '2.3', '4', 6, '5.7', 'L', 0, 0, 0, 0),
(2014230003, 'ALIFFUDIN', '2.8', '4', 4, '4.7', 'L', 0, 0, 0, 0),
(2014230004, 'GANTANG THOLE RIANTO', '3', '4', 1, '1.1', 'L', 0, 0, 0, 1),
(2014230005, 'FEBRY SIHITE', '3', '4', 4, '8.3', 'L', 0, 0, 0, 0),
(2014230008, 'SITI ANISAH', '2', '1', 6, '2.8', 'P', 0, 0, 0, 1),
(2014230009, 'NENDA FITRIANA', '3', '4', 1, '2.1', 'P', 0, 0, 0, 1),
(2014230010, 'RIZKA MULYANTI', '3', '4', 4, '2.1', 'P', 0, 0, 0, 0),
(2014230011, 'NANDANG DWI KUSWARA', '3', '1', 4, '12.4', 'L', 0, 0, 0, 1),
(2014230012, 'HERMAWAN ARDIANTO', '2.3', '4', 5, '10.6', 'L', 0, 0, 0, 0),
(2014230013, 'RISKI BAYU PRAYUGA ', '2', '2', 4, '2.5', 'L', 0, 0, 0, 1),
(2014230014, 'ALVINADI PUTRA HIMAWAN', '2', '4', 6, '9.4', 'L', 0, 0, 0, 0),
(2014230015, 'NUR AINI', '2.8', '4', 6, '5.9', 'P', 0, 0, 0, 0),
(2014230016, 'HAMMAM BARI', '3', '4', 6, '8.6', 'L', 0, 0, 0, 0),
(2014230017, 'IRSYAD KHOLIF MUFADHOL', '3.3', '4', 7, '11', 'L', 0, 0, 0, 0),
(2014230018, 'NURINA AZIZAH', '3', '3', 3, '5.9', 'P', 0, 0, 0, 0),
(2014230019, 'ARIF SETIAWAN', '2', '3', 6, '6.6', 'L', 0, 0, 0, 0),
(2014230020, 'RIZKY PRATAMA', '1.8', '4', 7, '7.6', 'L', 0, 0, 0, 0),
(2014230021, 'YUDHISTIRA WICAKSONO', '2', '4', 6, '42.8', 'L', 0, 0, 0, 0),
(2014230022, 'EVA NOVIOLITA', '2.5', '2', 4, '4.6', 'L', 0, 0, 0, 0),
(2014230023, 'OCTAVIA INDRI ANI', '3.5', '4', 5, '11', 'P', 0, 0, 0, 0),
(2014230025, 'REZA NANDA', '2.5', '4', 8, '4', 'L', 0, 0, 0, 0),
(2014230026, 'AGUSTIN FADILLAH', '2.5', '4', 6, '4.6', 'L', 0, 0, 0, 0),
(2014230027, 'ZAENAB ', '2', '1', 5, '2.9', 'P', 0, 0, 0, 1),
(2014230028, 'ENDFANSHURNA ARDHU HANDANA', '1', '1', 6, '4.6', 'L', 0, 0, 0, 1),
(2014230029, 'JULFIKRI SYAHNA', '2.3', '4', 5, '4.6', 'L', 0, 0, 0, 0),
(2014230030, 'JIMMY KRISDIAGUNG SULISTYO', '3', '4', 5, '5.9', 'L', 0, 0, 0, 0),
(2014230031, 'ALFA JULIANA', '3', '4', 5, '18.1', 'P', 0, 0, 0, 0),
(2014230032, 'MUHAMMAD ADITYA SETIAWAN', '2.8', '4', 6, '5.8', 'L', 0, 0, 0, 0),
(2014230033, 'ANDRI OKTAVIANA SAPUTRA', '2', '1', 6, '5.7', 'L', 0, 0, 0, 1),
(2014230034, 'YOHANNA APRILIA', '2.5', '4', 6, '28.7', 'P', 0, 0, 0, 0),
(2014230035, 'YANU AJI PRASETYO', '2.3', '4', 6, '28.7', 'L', 0, 0, 0, 0),
(2014230036, 'BAYU HERMAWAN', '2', '4', 7, '28.7', 'L', 0, 0, 0, 0),
(2014230037, 'MUHAMAD MAMBAUL ANWAR ', '3', '4', 1, '2.1', 'L', 0, 0, 0, 1),
(2014230038, 'EKO WAHYU SAPUTRO ', '3.3', '4', 7, '5.9', 'L', 0, 0, 0, 0),
(2014230039, 'EKO PRASETYO', '1', '1', 4, '20.1', 'L', 0, 0, 0, 1),
(2014230040, 'MUHAMMAD MUSLIH JAYADI', '2', '2', 6, '1.1', 'L', 0, 0, 0, 0),
(2014230041, 'ILHAM RAMADHAN', '2.5', '4', 8, '4.5', 'L', 0, 0, 0, 0),
(2014230042, 'DANIEL RIDWAN SURYOKUSUMO', '2.8', '4', 6, '8.8', 'L', 0, 0, 0, 0),
(2014230043, 'DIMAS ESTU PAMUNGKAS', '3', '4', 5, '2.1', 'L', 0, 0, 0, 0),
(2014230044, 'MARDYAMAN RAHMATTULLAH ', '2', '2', 6, '4', 'L', 0, 0, 0, 0),
(2014230045, 'RADEN HARYO AGUNG BAGASKARA', '1.5', '2', 5, '12.4', 'L', 0, 0, 0, 1),
(2014230046, 'MUFTIRANDY PRAYITNO', '1.8', '4', 5, '19.6', 'L', 0, 0, 0, 0),
(2014230047, 'SEPTIYAN EKA PRASTYIO', '3', '4', 5, '233', 'L', 0, 0, 0, 0),
(2014230048, 'JALALUDDIN MUH AKBAR', '3', '1', 3, '1.1', 'L', 0, 0, 0, 1),
(2014230049, 'TRI JUNIYANTI', '2.5', '4', 6, '5.9', 'P', 0, 0, 0, 0),
(2014230050, 'NUR INJAR', '1', '1', 6, '19.2', 'L', 0, 0, 0, 1),
(2014230051, 'CHALDERA LARASATI', '3', '4', 6, '27.8', 'P', 0, 0, 0, 0),
(2014230052, 'ABDUL MALIK KAMALULLAH', '3', '4', 7, '4.5', 'L', 0, 0, 0, 0),
(2014230053, 'SAVIK', '2.8', '4', 1, '7.1', 'L', 0, 0, 0, 1),
(2014230054, 'ARIZEN EKA SEPTIAN', '2.8', '4', 7, '4', 'L', 0, 0, 0, 0),
(2014230055, 'NOVI LAELASARI', '2.8', '4', 4, '77.5', 'P', 0, 0, 0, 0),
(2014230056, 'DENI APRISANDI', '3', '1', 4, '1.2', 'L', 0, 0, 0, 1),
(2014230058, 'SRI MULYANI SOFIAH', '3.5', '4', 5, '1.1', 'P', 0, 0, 0, 0),
(2014230059, 'ACHMAD BUDI PRASETIYO', '2.8', '4', 6, '2.9', 'L', 0, 0, 0, 0),
(2014230060, 'NUR RAHMAN FIRMANSAH', '3', '4', 6, '5.9', 'L', 0, 0, 0, 0),
(2014230061, 'MUHAMMAD IHSAN', '2.8', '4', 5, '9.1', 'L', 0, 0, 0, 0),
(2014230062, 'MUHAMMAD NUR RIZKY EKA PUTRA', '3', '4', 7, '11', 'L', 0, 0, 0, 0),
(2014230063, 'VIEQRI SAMPUTRA PRATAMA', '3', '4', 6, '11', 'L', 0, 0, 0, 0),
(2014230064, 'DEWI OKTASARI', '2.5', '4', 8, '169.5', 'P', 0, 0, 0, 0),
(2014230065, 'RIKA OCTAVIA', '2.3', '4', 5, '2.8', 'P', 0, 0, 0, 0),
(2014230066, 'RIMBA SIANTURI', '3', '4', 7, '5.7', 'L', 0, 0, 0, 0),
(2014230068, 'MUHAMAD IKHSANUDIN', '3.3', '4', 6, '5.8', 'L', 0, 0, 0, 0),
(2014230069, 'ARIO GRINALDI', '2.5', '4', 6, '4.6', 'L', 0, 0, 0, 0),
(2014230070, 'YULIANTO NUGROHO', '3.3', '4', 4, '1.1', 'L', 0, 0, 0, 0),
(2014230072, 'AGUNG RUSDIANA SAPUTRA', '2', '1', 6, '5.7', 'L', 0, 0, 0, 1),
(2014230074, 'RIZKI ALFIANTO', '3.3', '4', 6, '2.2', 'L', 0, 0, 0, 0),
(2014230075, 'FERY DARMAWAN ', '3', '3', 4, '8.1', 'L', 0, 0, 0, 0),
(2014230076, 'SETYO  ARI WIBOWO', '2', '1', 4, '11.1', 'L', 0, 0, 0, 1),
(2014230077, 'HALIMAH TUSADIAH', '3', '1', 7, '5412.5', 'P', 0, 0, 0, 0),
(2014230078, 'MUHAMMAD WILDAN', '1', '1', 4, '14.1', 'L', 0, 0, 0, 1),
(2014230079, 'NAS NASIY AHMAD', '3', '4', 5, '4.6', 'L', 0, 0, 0, 0),
(2014230080, 'MUHAMMAD DENNY ADYATMA MUSTAFA', '3', '4', 4, '9', 'L', 0, 0, 0, 0),
(2014230081, 'MUHAMMAD FAZRI ISMAIL', '2', '2', 6, '31.5', 'L', 0, 0, 0, 0),
(2014230082, 'ABDUL HAFIZH MUHAMMAD', '3', '4', 4, '24', 'L', 0, 0, 0, 0),
(2014230083, 'DANIEL RAMADHAN', '2', '4', 7, '4.6', 'L', 0, 0, 0, 0),
(2014230084, 'MOHAMMAD RASYID', '2.5', '4', 4, '11', 'L', 0, 0, 0, 0),
(2014230085, 'EKO SULISTIAWAN', '2.7', '3', 4, '2.4', 'L', 0, 0, 0, 0),
(2014230086, 'JAFAR SHODIQ', '2', '2', 6, '188.3', 'L', 0, 0, 0, 0),
(2014230088, 'SUHARDIANSYAH ', '3.3', '4', 4, '4.6', 'L', 0, 0, 0, 0),
(2014230089, 'ACEP AZIZI ROHIM', '3', '4', 6, '5962.4', 'L', 0, 0, 0, 0),
(2014230090, 'MITASARI', '3', '4', 1, '1.1', 'P', 0, 0, 0, 1),
(2014230091, 'RIZKI ANDREAN', '2.8', '4', 5, '12.4', 'L', 0, 0, 0, 0),
(2014230093, 'FITRA HERDIANSYAH', '3', '4', 6, '1.2', 'L', 0, 0, 0, 0),
(2014230901, 'ADANG GUNAWAN', '3', '2', 1, '30.2', 'L', 0, 0, 0, 1),
(2014230903, 'ABDURRAHMAN MURSALIN', '1.7', '3', 1, '2.8', 'L', 0, 0, 0, 1),
(2014230904, 'HUSPAN NASRULLOH', '3', '4', 6, '9.4', 'L', 0, 0, 0, 0),
(2014239001, 'ANDY SISWANTO', '2.1', '10', 4, '4.6', 'L', 0, 0, 0, 0),
(2015230001, 'BAGAS FEBRI WICAKSANA', '2.5', '2', 6, '11', 'L', 0, 0, 0, 0),
(2015230002, 'ROBI ADI KUSUMA', '2', '1', 5, '4.6', 'L', 0, 0, 0, 0),
(2015230003, 'ROIS RADEN PUTRA SIMANJUNTAK', '2.5', '2', 6, '14.1', 'L', 0, 0, 0, 0),
(2015230004, 'RISKA AMELIA', '3', '2', 4, '4.6', 'P', 0, 0, 0, 0),
(2015230005, 'NICHOLAS ADITYA VINCENT', '2', '2', 4, '9', 'L', 0, 0, 0, 0),
(2015230006, 'YASSER FADLI MUHAMMAD', '2.5', '2', 5, '31.5', 'L', 0, 0, 0, 0),
(2015230007, 'RAHMAT SEPTIYADI', '3', '2', 3, '24', 'L', 0, 0, 0, 0),
(2015230008, 'SENO ADI NUGRAHA', '3', '2', 4, '4.6', 'L', 0, 0, 0, 0),
(2015230009, 'WAHID SIDIQ NGUSMANTO', '3.7', '2', 7, '14.1', 'L', 0, 0, 0, 0),
(2015230010, 'IKA WASTININGSIH', '3', '2', 1, '4.6', 'P', 0, 0, 0, 1),
(2015230011, 'LOUIS CARADINE', '3', '2', 4, '9', 'L', 0, 0, 0, 0),
(2015230012, 'MOH SUGITO', '1', '1', 1, '31.5', 'L', 0, 0, 0, 1),
(2015230013, 'MUHAMMAD VIJAY SHIDIQ', '2.5', '2', 1, '24', 'L', 0, 0, 0, 1),
(2015230014, 'ERMA NOVIANA', '3.6', '2', 4, '4.6', 'P', 0, 0, 0, 0),
(2015230015, 'ROMMY FIRLIANSYAH', '2.5', '2', 6, '11', 'L', 0, 0, 0, 0),
(2015230016, 'GITA FITRIANA', '3', '2', 6, '2.4', 'P', 0, 0, 0, 0),
(2015230017, 'YANUAR ARBY KRISTYAWAN', '2.5', '2', 1, '188.3', 'L', 0, 0, 0, 1),
(2015230018, 'BAYUGITA CIPTANING PUJA KESUMA', '2', '2', 4, '5.9', 'L', 0, 0, 0, 0),
(2015230019, 'GITA APRIYANI', '3', '2', 4, '4.6', 'P', 0, 0, 0, 0),
(2015230020, 'APRIL RIANDA SITUMORANG', '3', '2', 5, '2', 'L', 0, 0, 0, 0),
(2015230021, 'DWIKI ANGGORO SYAFITRI', '3.5', '2', 4, '1.1', 'L', 0, 0, 0, 0),
(2015230022, 'DAFFA ARYO BUDIMAN', '2', '2', 6, '12.4', 'L', 0, 0, 0, 0),
(2015230023, 'MUHAMMAD RIDWAN', '2.5', '2', 6, '5.7', 'L', 0, 0, 0, 0),
(2015230024, 'FAHRI NUGRAHA', '3', '2', 6, '1.2', 'L', 0, 0, 0, 0),
(2015230025, 'ANJAS PRAYOGO', '2', '2', 7, '30.2', 'L', 0, 0, 0, 0),
(2015230026, 'IQBAL SANJAYA', '2', '1', 1, '2.8', 'L', 0, 0, 0, 1),
(2015230027, 'ACHMAD JOHAN FIRDAUS', '3.5', '2', 6, '9.4', 'L', 0, 0, 0, 0),
(2015230028, 'MUHAMMAD AKNA FATHURACHMAN', '3', '2', 7, '10704.2', 'L', 0, 0, 0, 0),
(2015230031, 'JOSHUA RAHENDRA', '3', '2', 1, '4.6', 'L', 0, 0, 0, 1),
(2015230032, 'KEVIN ANDREAS SURBAKTI', '3.5', '2', 6, '14.1', 'L', 0, 0, 0, 0),
(2015230033, 'MUHAMMAD NOVAL RIFANI', '3', '2', 8, '4.6', 'L', 0, 0, 0, 0),
(2015230034, 'ANNISA DWI ROSALINA', '3', '2', 6, '9', 'P', 0, 0, 0, 0),
(2015230035, 'PONDRA IKHSAN NUGROHO', '3', '2', 5, '31.5', 'L', 0, 0, 0, 0),
(2015230036, 'AHMAD ROIHAN ', '3', '2', 6, '24', 'L', 0, 0, 0, 0),
(2015230037, 'PUTRA GUNAWAN', '3', '2', 5, '4.6', 'L', 0, 0, 0, 0),
(2015230038, 'WIDHISTYA PUJI SASONGKO', '2', '2', 5, '5.9', 'L', 0, 0, 0, 0),
(2015230039, 'PRANANDA KUSUMANINGTYAS', '3', '2', 5, '5.9', 'P', 0, 0, 0, 0),
(2015230040, 'ARDITYA NURSYABANI', '3', '2', 6, '4.6', 'L', 0, 0, 0, 0),
(2015230041, 'DIKKY SETYO NUGROHO', '3', '2', 6, '11', 'L', 0, 0, 0, 0),
(2015230042, 'BRIAN ADYATMA', '3', '2', 6, '4.6', 'L', 0, 0, 0, 0),
(2015230043, 'YUFAN NICO DEMORA', '3', '2', 6, '14.1', 'L', 0, 0, 0, 0),
(2015230044, 'ASYIFA LIESTYANI', '2.5', '2', 7, '4.6', 'P', 0, 0, 0, 0),
(2015230045, 'ANDIKA', '3.5', '2', 1, '9', 'L', 0, 0, 0, 1),
(2015230046, 'MUHAMMAD YUSUF RAMDANI', '1', '1', 7, '31.5', 'L', 0, 0, 0, 1),
(2015230047, 'PURWO YUSIARDI', '3', '2', 4, '24', 'L', 0, 0, 0, 0),
(2015230048, 'REYNO NUR FAHREZA', '3', '2', 4, '4.6', 'L', 0, 0, 0, 0),
(2015230049, 'DWIKKY MARDIANTO', '3.5', '2', 1, '5.9', 'L', 0, 0, 0, 1),
(2015230050, 'MICHAEL GIOVANNI IMMANNUEL TOGHAS', '3', '1', 5, '5.9', 'L', 0, 0, 0, 0),
(2015230051, 'MUHAMMAD FARREL BISMOKO', '3', '2', 6, '4.6', 'L', 0, 0, 0, 0),
(2015230052, 'DIAJENG SOEKMA POESPA KEDATON', '3.7', '2', 6, '11', 'P', 0, 0, 0, 0),
(2015230053, 'DIO PRAMUDYA', '2.5', '2', 5, '4.6', 'L', 0, 0, 0, 0),
(2015230054, 'AKMAL ADITYA', '3', '2', 7, '14.1', 'L', 0, 0, 0, 0),
(2015230055, 'ADITIYA BUDI PRATAMA', '3', '2', 6, '4.6', 'L', 0, 0, 0, 0),
(2015230056, 'JORDAN NUR AKBAR', '3', '2', 8, '9', 'L', 0, 0, 0, 0),
(2015230057, 'NADIA SALSABIL', '3', '2', 5, '31.5', 'P', 0, 0, 0, 0),
(2015230058, 'PUTI SALMA TSALATSA', '3.5', '2', 7, '24', 'P', 0, 0, 0, 0),
(2015230059, 'SAMUEL DAVID CHRISTOPER', '3.5', '2', 6, '4.6', 'L', 0, 0, 0, 0),
(2015230060, 'MUHAMMAD RIFQI RAHARJA', '2', '1', 6, '5.9', 'L', 0, 0, 0, 0),
(2015230061, 'LUTFI DARMAWAN', '3', '2', 4, '5.9', 'L', 0, 0, 0, 0),
(2015230062, 'FARHAN AMANDA', '3.5', '2', 6, '4.6', 'L', 0, 0, 0, 0),
(2015230063, 'ELSIH MAYAZARI', '3', '2', 6, '11', 'P', 0, 0, 0, 0),
(2015230064, 'MUHAMMAD IQBAL ISLAM', '2', '2', 6, '4.6', 'L', 0, 0, 0, 0),
(2015230065, 'RIKI BAGASTORO', '3', '2', 4, '14.1', 'L', 0, 0, 0, 0),
(2015230066, 'ARIF SYAIFUDIN', '3.5', '2', 4, '4.6', 'L', 0, 0, 0, 0),
(2015230067, 'ERICK LAUSHEN', '3', '2', 7, '9', 'L', 0, 0, 0, 0),
(2015230068, 'ANANG MUHAMMAD ANUGERAH', '1.5', '2', 4, '10.5', 'L', 0, 0, 0, 1),
(2015230069, 'MUHAMMAD SAHID ZAMZAMI', '1', '2', 5, '2.1', 'L', 0, 0, 0, 0),
(2015230070, 'ANTONIUS SUGIYANTO', '3', '2', 4, '5.9', 'L', 0, 0, 0, 0),
(2015230071, 'GUSWAN SITUMORANG', '3', '2', 6, '20.1', 'L', 0, 0, 0, 0),
(2015230072, 'ANDITO LAHAI ROY', '2.5', '2', 4, '1.1', 'L', 0, 0, 0, 0),
(2015230073, 'ACHMAD NURDZAKY', '2', '2', 7, '4.5', 'L', 0, 0, 0, 0),
(2015230074, 'JOSUA ADNANDA', '3', '2', 4, '8.8', 'P', 0, 0, 0, 0),
(2015230075, 'ANUDA FATMA LAILASARI', '3.5', '2', 4, '2.1', 'P', 0, 0, 0, 0),
(2015230076, 'FARIZ AHMAD', '2.5', '2', 6, '4', 'L', 0, 0, 0, 0),
(2015230077, 'SAPUTRA PRAKARSA', '3.5', '2', 5, '12.4', 'L', 0, 0, 0, 0),
(2015230078, 'IRZA FARABY BAHALWAN', '3', '2', 4, '19.6', 'L', 0, 0, 0, 0),
(2015230079, 'AS ARIF CHAERUDIN', '1.5', '2', 6, '233', 'L', 0, 0, 0, 0),
(2015230080, 'ELA NASTIKA', '3.7', '2', 6, '1.1', 'P', 0, 0, 0, 0),
(2015230081, 'DIDIK DAROJI', '2.5', '2', 1, '5.9', 'L', 0, 0, 0, 1),
(2015230082, 'DINDA PUTRI HARDANTI', '3.6', '2', 4, '19.2', 'P', 0, 0, 0, 0),
(2015230083, 'DAMARIS BELI', '3', '2', 6, '27.8', 'P', 0, 0, 0, 0),
(2015230084, 'ABDI AMER', '3', '2', 5, '4.5', 'L', 0, 0, 0, 0),
(2015230086, 'RAHMAT SHAFARI', '3.5', '2', 6, '7.1', 'L', 0, 0, 0, 0),
(2015230087, 'YOGA PRIAN PAMUKTI', '2.5', '2', 4, '5', 'L', 0, 0, 0, 0),
(2015230090, 'RIZZI ALDO IMINIKI', '3', '2', 3, '28.7', 'L', 0, 0, 0, 0),
(2015230091, 'WAHYU SAPUTRO', '3', '2', 4, '28.7', 'L', 0, 0, 0, 0),
(2015230092, 'ALIFUDIN', '2.5', '2', 7, '2.1', 'L', 0, 0, 0, 0),
(2015230093, 'ADHITYA NUGRAHA', '3', '2', 1, '5.9', 'L', 0, 0, 0, 1),
(2015230094, 'MOCHAMAD NOVALDO', '2.5', '2', 4, '20.1', 'L', 0, 0, 0, 0),
(2015230095, 'INDRA WICAKSONO', '1.5', '2', 1, '1.1', 'L', 0, 0, 0, 1),
(2015230096, 'MUHAMAD ABDUH ALFARISI', '3', '2', 1, '4.5', 'L', 0, 0, 0, 1),
(2015230097, 'MITA SARI', '3.5', '2', 6, '11', 'P', 0, 0, 0, 0),
(2015230098, 'WAHID ARYA NUGRAHA', '3.5', '2', 4, '2.1', 'L', 0, 0, 0, 0),
(2015230099, 'DANANG WIWIT PRAYOGA', '2.5', '2', 6, '1.2', 'L', 0, 0, 0, 0),
(2015230100, 'JOKO SUPRIYANTO', '2.5', '2', 6, '5.9', 'L', 0, 0, 0, 0),
(2015230101, 'MUKLIS SETYAWAN', '2', '2', 6, '1.1', 'L', 0, 0, 0, 0),
(2015230102, 'YUNARYA NURFIRDAUS P', '3', '2', 4, '11', 'L', 0, 0, 0, 0),
(2015230103, 'BERRY CLAPTON', '3', '2', 4, '5.7', 'L', 0, 0, 0, 0),
(2015230104, 'KIKI ANDRIANA', '2.5', '2', 7, '4.6', 'L', 0, 0, 0, 0),
(2015230105, 'ALAM GIRI WIBIKSANA', '1.5', '2', 4, '8.9', 'L', 0, 0, 0, 0),
(2015230106, 'WARDATUL JANNAH', '3', '2', 5, '11.1', 'P', 0, 0, 0, 0),
(2015230107, 'GUSTAMA YODHA MAHENDRA', '1.5', '2', 4, '4.5', 'L', 0, 0, 0, 0),
(2015230108, 'ATANG SUHARNA', '3', '2', 6, '5', 'L', 0, 0, 0, 0),
(2015230110, 'RISKI IRMAWAN', '3', '2', 7, '7.7', 'L', 0, 0, 0, 0),
(2015230111, 'AJI DUTA BAYU SAPUTRA', '2', '2', 4, '11', 'L', 0, 0, 0, 0),
(2015230112, 'GALIH M. RIZKI', '2', '1', 4, '2.1', 'L', 0, 0, 0, 1),
(2015230113, 'ADHIE PUTRA RAMAYANA', '2', '2', 6, '1.2', 'L', 0, 0, 0, 0),
(2015230114, 'EKWIN SYAHPUTRA SIPAYUNG', '3', '2', 5, '5.9', 'L', 0, 0, 0, 0),
(2015230115, 'PUTRI LESTARI DANARIS S', '2', '1', 4, '1.1', 'P', 0, 0, 0, 1),
(2015230116, 'RAHADIAN ANUGRAH GUSTI', '2.5', '2', 6, '11', 'L', 0, 0, 0, 0),
(2015230117, 'ABDUL AZIZ', '3', '2', 1, '5.7', 'L', 0, 0, 0, 1),
(2015230118, 'RONALDO JULIO', '3', '2', 5, '4.6', 'L', 0, 0, 0, 0),
(2015230119, 'MUHAMMAD SYAFIQ', '2.5', '2', 4, '8.9', 'L', 0, 0, 0, 0),
(2015230120, 'SILVIA', '3', '2', 6, '11.1', 'P', 0, 0, 0, 0),
(2015230121, 'FAJAR ARIANSYAH RIMONE', '2', '2', 1, '4.5', 'L', 0, 0, 0, 1),
(2015230122, 'RIDWAN FATTAH RAYHALDY', '2.5', '2', 1, '5', 'L', 0, 0, 0, 1),
(2015230180, 'HARYANTO', '3.2', '2', 2, '13.6', 'L', 1, 0, 0, 1),
(2015230181, 'FIKRI', '1.2', '2', 3, '10.1', 'L', 1, 0, 0, 1);

-- --------------------------------------------------------

--
-- Table structure for table `login`
--

CREATE TABLE `login` (
  `id` int(20) NOT NULL,
  `username` varchar(30) NOT NULL,
  `password` varchar(100) NOT NULL,
  `nama_dosen` varchar(40) NOT NULL,
  `level` varchar(30) NOT NULL
) ENGINE=InnoDB DEFAULT CHARSET=latin1;

--
-- Dumping data for table `login`
--

INSERT INTO `login` (`id`, `username`, `password`, `nama_dosen`, `level`) VALUES
(1, 'kajur', 'fa2a64d863ff8a83fee0b8fafd292d26', 'Adam Arif', 'kajur'),
(2, 'herianto', 'af25458116a2464f9401870dff1e11f5', 'Herianto', 'pa');

-- --------------------------------------------------------

--
-- Table structure for table `master`
--

CREATE TABLE `master` (
  `nim` int(30) NOT NULL,
  `nama` varchar(50) NOT NULL,
  `alamat_rumah` varchar(50) NOT NULL,
  `jenis_kelamin` varchar(5) NOT NULL,
  `id_penghasilan` int(5) NOT NULL,
  `d_o` int(5) NOT NULL
) ENGINE=InnoDB DEFAULT CHARSET=latin1;

--
-- Dumping data for table `master`
--

INSERT INTO `master` (`nim`, `nama`, `alamat_rumah`, `jenis_kelamin`, `id_penghasilan`, `d_o`) VALUES
(2010230001, 'LUKMAN ARIF UTOMO', 'TRIDAYA INDAH 4 89/17 TAMBUN SELATAN ', 'L', 3, 1),
(2010230002, 'MOHAMAD MAULANA SOLIN', 'TAMAN ARCADIA MEDETERANIA BLOK A13 C1MANGGIS -', 'L', 4, 1),
(2010230003, 'ASMARA DIMAS CHANDRA BIMA PUTRA', 'PUSDIK DEPNAKER RT 17 RW 06 KEC MAKASAR KEL MAKASA', 'L', 3, 0),
(2010230004, 'REZA ADI YUDHA', 'PERUM UNGGUL GRAHA PERMAI BLOK B4 NO.2 JL. SINGOSA', 'L', 3, 1),
(2010230005, 'DASAM', 'JL.JATI RAYA IV NO.1A RT.002 RW.006 KEL.SUNGAI BAM', 'L', 3, 1),
(2010230006, 'HARYO NUR PRASTOWO', 'JL. PANGKALAN JATI RT 003 RW. 009 KEL. CIPINANG ME', 'L', 1, 1),
(2010230007, 'SODIKIN', 'JL TELKOM RT 004/005 NO.01 - -', 'L', 4, 0),
(2010230008, 'HARI OKTAVIANTO', 'PERUMAHAN PONDOK UNGGU PERMAI BLOK AA.6 NO.19, BEK', 'L', 4, 1),
(2010230009, 'RIZKI WILDAN', 'PERUM GRIYA PRATAMA MAS D 14 RT 5/7 DESA CIKARAGEM', 'L', 5, 0),
(2010230010, 'ROSA JUNIAR', 'JL. BINTARA JAYA 3 RT.02 RW.08 -', 'P', 4, 0),
(2010230012, 'DIMAS BAYU PRASETYO', 'UJUNG HARAPAN GG. AT-TAUFIG 16 RT. 16/16 DESA BAHA', 'L', 6, 0),
(2010230013, 'WAHYU PURNOMO', 'JL. PISANGAN BATU 1 NO.26 RT.002 RW.09 BEKASI BARA', 'L', 6, 1),
(2010230015, 'RIZKI UHTANDI', 'jatikaramat gg mangga no 54 rt004/011 jatikramat p', 'L', 6, 0),
(2010230016, 'DIAN PUSPITASARI', 'KP. PERTUKANGAN RT. 15 RW. 04 RAWATERATE, CAKUNG J', 'P', 7, 0),
(2010230017, 'FAHRUL ROZY', 'KAMPUNG KUJANG BABAKAN RT.001 RW.010 JONGGOL BOGOR', 'L', 1, 1),
(2010230019, 'ARY SETYAWAN', 'KP RAWATERATE R RT003/01 NP.12 KEL RAWATERATE KEC ', 'L', 6, 1),
(2010230020, 'FRISCA NELAWATY PANJAITAN', 'PERUM TAMAN MULASAKTI BLOK O.1 NO. 4 BEKASI UTARA ', 'P', 6, 0),
(2010230021, 'ARDIANSYAH', 'JL. MINDI BLOK O NO 11 RT 009 RW 06 KL. LAGOA JAKA', 'L', 6, 0),
(2010230023, 'ALFAN SAPUTRA', 'KP BARU KLENDER RT012/001 NO.14 KEL JATINEGARA KEC', 'L', 7, 0),
(2010230024, 'TJIPTO SETIAWAN', 'KP. BARU JL. BUNGA RT.04/04 NO.2 JATIBENING BARU P', 'L', 3, 1),
(2010230025, 'YOPI LAE', 'JL. LEMBAH PINANG RAYA BLOK I 15 NO. 37 PONDOK KEL', 'L', 6, 1),
(2010230028, 'FRANRY CHANDRA YUDISTIRA', 'VILLA MAS GARDEN BLOK F NO.81 RT/RW 008/009 BEKASI', 'L', 7, 0),
(2010230029, 'ARLINA INDARYANTI', 'KP. BARU JL. BUNGA RT.04/04 NO.2 JATIBENING BARU P', 'L', 6, 0),
(2010230030, 'RYAN HILMAN FIRDAUS', 'KP. BARU JL. BUNGA RT.04/04 NO.2 JATIBENING BARU ', 'L', 4, 0),
(2010230031, 'DENNY', 'JL. KEBON PALA TANAH RENDAH RT 011 RW 08 NO. 9 KP ', 'L', 1, 1),
(2010230032, 'DEDE NURHAYATI', 'JL. PERMATA I RT 008 RW 06 NO. 14, KAMPUNG MELAYU ', 'P', 6, 0),
(2010230033, 'VIRGIAWAN EKO YUDHA HENDRAWAN. S', 'ASRAMA POLISI KEMAYORAN RT. 011 RW 09 KELURAHAN GU', 'L', 8, 1),
(2010230034, 'HIDAYAT RAHMAN', 'JL. T GG.SWADAYA RT.02/08 N0.37 KEBON BARU TEBET J', 'L', 6, 0),
(2010230035, 'SANDI ISWANDI', 'JL. NUSANTARA HARAPANJAYA BEKASI UTARA -', 'L', 5, 0),
(2010230037, 'NOVITASARI SUGIYANTI PANJAITAN', 'JL. DUREN SAWIT RAYA BLOK L II N0.8A RT.001 RW.08 ', 'P', 6, 0),
(2010230038, 'DWI RICHI JULIAN', 'JLN.MAWAR MERAH NO.3/1 105 RT.009/RW.012 MALAKA JA', 'L', 5, 1),
(2010230039, 'ABIIH RAHMATULLAH', 'JL. MALAKA BIRU V NO. 5 MALAKA COUNTRY JAKARTA TIM', 'L', 8, 0),
(2010230040, 'RACHMAT MULYA NAGATA', 'JL. OTISTA III DLM RT. 04 RW. 02 H 169  JATINEGARA', 'L', 6, 0),
(2010230041, 'DWI YUDHA PRAKOSO', 'JL. PANGKALAN JATI RT. 007/012 / 4 JKT -', 'L', 5, 0),
(2010230042, 'ICHSAN AULYANSYAH', 'KAMPUNG MELAYU KECIL 2 RT 002 RW 10 NO. 8 - -', 'L', 6, 0),
(2010230043, 'IBRAHIM SHALEH', 'JL ASEM BARIS RT04/07 NO.37 KEBON BARU TEBET JAKAR', 'L', 5, 0),
(2010230044, 'IKMAL QULBUDDIN ILYAS', 'Pondok Kelapa, Duren Sawit, Jakarta Timur', 'L', 5, 0),
(2010230045, 'FRIDA ASTUTI DIANITA PUTRI', 'JL. TERATAI I/1 RT 004 RW 09 DUREN SAWIT JAKARTA T', 'P', 5, 0),
(2010230046, 'YUSUF FATURAKHMAN KURNIALLAH', 'JL. NUSA INDAH II BLOK J NO. 147, JATIMULYA BEKASI', 'L', 6, 1),
(2010230047, 'KHAFIT BIMO PRASETYO', 'KP CIKUNIR RT 001/03 NO.54 KEL JAKAMULYA KEC BEKAS', 'L', 6, 0),
(2010230048, 'HENGKI PIYERE', 'JL. WARU DOYONG KEL. JATINEGARA, KEC. CAKUNG RT.01', 'L', 6, 1),
(2010230050, 'SHOLEH SAPUTRA', 'KP. BEDAHAN RT 01 RW 02 NO. 84 PABUARAN CIBINONG B', 'L', 6, 1),
(2010230051, 'DESRI KURNIAWAN', 'JL. KERJA BAKTI RT.07/04 KEL. MAKASAR KEC. MAKASAR', 'L', 7, 0),
(2010230052, 'GUSTI SUGIH WIBOWO', 'JL ALBARKAH I RT 20 RW 01, KEC. BABELAN BEKASI ', 'L', 1, 1),
(2010230053, 'ANITA DWINDA RACHMAWATI', 'DUTA KRANJI JL. MELATI BLOK C BINTARA -', 'P', 7, 0),
(2010230054, 'AMIR MACHMUD', 'JL. BINTARA JAYA GG. DUKUH RT.02 RW.10 NO.143 KEL.', 'L', 4, 1),
(2010230055, 'ASTRI HAPSARI', 'JL PONDOK KOPI TIMUR RT03/05 JAKARTA TIMUR -', 'P', 4, 0),
(2010230056, 'WAHYU ARI WIBOWO', 'JL. RAYA HANKAM NO. 49 RT 007 RW 13 PONDOK MELATI ', 'L', 1, 0),
(2010230057, 'DWI ANDRIANI', 'JL. LETNAN ARSYAD KP PONCOL RT 02 RW 16 NO. 58 A K', 'P', 5, 0),
(2010230058, 'ASHARI RAHMAWAN', 'Jl.Kp Rawa Badung RT 07/011', 'L', 6, 0),
(2010230059, 'RIAN HIDAYATULLOH', 'KP. PENGGARUTAN KEL. SETIA ASIH KEC. TARUMAJAYA  B', 'L', 6, 0),
(2010230060, 'AHSANI TAQWIM BURHAN', 'PERUMAHAN BINTARA 2, BLOK A no.62 RT.03 RW.05 KELU', 'L', 5, 0),
(2010230061, 'DIDIN DINARSAN', 'JL. LAUT ARAFURU KEL. PONDOK BAMBU DUREN SAWIT JAK', 'L', 7, 0),
(2010230062, 'FRANSISCUS XAVERIUS DWI SAPUTRA', 'JL. PAPAN BLONREO SETIA MEKAR, PAPAN MAS F50 NO.10', 'L', 6, 0),
(2010230063, 'RIZKA NUR ANISA', 'JL. RAWA JAYA RT.006 RW. 04 NO.15 KEL. PONDOK KOPI', 'P', 8, 0),
(2010230064, 'ELMINA DAHLIA', 'JL. AMAL No.25 RT.006 RW.001 PONDOK BAMBU JAKARTA ', 'P', 5, 0),
(2010230065, 'EKO HADY PRAYITNO', 'JL. HARAPAN INDAH XVII RT. 12/12 KEC. MAKASAR  KEL', 'L', 6, 0),
(2010230066, 'YAYAN PERDANA', 'PINTU AIR RT03 RW 07 KEC HARAPAN MULYA KEC MEDAN S', 'L', 6, 0),
(2010230067, 'NURIKHSAN JUNIANTO', 'JL. HARAPAN INDAH XVII RT. 12/ 12 KEC. MAKASAR KEL', 'L', 7, 0),
(2010230068, 'DESTA OKTRI IRENA', 'KAMPUNG JEMBATAN RT.001/012/ NO. 31 KEL. PENGGILIN', 'P', 1, 1),
(2010230069, 'GUSTI RINANJAR', 'Jl. Madrasah Bojong Indah, RT.10 RW.06 No.33 Kel. ', 'L', 6, 0),
(2010230070, 'DEDY SINAGA', 'JL. SUCI RT 004 RW 03 NO. 19, SUSUKAN, CIRACAS JAK', 'L', 7, 1),
(2010230071, 'WAHYU ARI NUGROHO', 'JAMBEYAN KARANGWARU RT 10 RW 02 PLUPUH, SRAGEN ', 'L', 6, 0),
(2010230072, 'LARAS SULISTYA PANGESTIKA', 'JJL. RAWASARI NO. 96 RT. 05 RW 06 KELURAHAN CIPAYU', 'P', 4, 0),
(2010230073, 'LUSIYANA', 'JL NANGKA SINAN NO.114 JATIBENING BARU PONDOK GEDE', 'P', 1, 1),
(2010230074, 'ZHARFAN', 'OTISTA 269 H MISNEN NO. 21 RT 05 RW 009 - -', 'L', 6, 1),
(2010230075, 'MAULIDHA OKTAVIANI PANE', 'JL RAYA PENGGILINGAN NO.39 RT004/006 PENGGILINGAN ', 'P', 8, 0),
(2010230076, 'IMAM SATRA AJI', 'PERUMAHAN MUSTIKA KARANG SATRIA JL. BERLIA A VII R', 'L', 6, 0),
(2010230077, 'RICO FERNANDO SIREGAR', 'JL. AIR BERSIH NO. 224 MEDAN - -', 'L', 5, 1),
(2010230078, 'INDAH EKO WATI', 'JL. BINTARA JAYA II NO. 56 RT 006 RW 08 BEKASI -', 'P', 6, 0),
(2010230079, 'ARYA PRASETIO MAWARDI', 'JL H BOSIH NO 39 RT01/03 SELANG BOJONG CIBITUNG', 'L', 5, 0),
(2010230080, 'DWI SUTRISNO', 'KP. BARU JL. RAMBUTAN 2 NO.14 JATIBENING BEKASI BE', 'L', 5, 0),
(2010230081, 'BINTANG FAJAR KURNIA', 'Jalan Pangkalan Jati 2, rt.05, rw.013, no.45 kec m', 'L', 5, 0),
(2010230082, 'YUSRON YAZID', 'JL. RINJANI 3 NO 167 RT 003 RW 012 KEC. ABADI JAYA', 'L', 6, 0),
(2010230083, 'MAHYUDI', 'JL. KEBON NANAS NO. 39 RT 011 RW 07 CIPINANG CEMPE', 'L', 6, 0),
(2010230084, 'AJI ARIF KURNIAWAN', 'JL PONDOK KOPI BLOK A3NO.6 RT001/09 PONDOK KOPI DU', 'L', 6, 0),
(2010230085, 'HERDY SUTRISNO', 'JL. LUMBU TENGAH 1D NO.123 RT005/RW027 BOJONG RAWA', 'L', 6, 0),
(2010230086, 'EDWARD ZULMI AZIZ', 'PONDOK PEKAYON INDAH BLOK BB 47 NO. 8 - -', 'L', 7, 0),
(2010230087, 'MUHAMMAD NURUL MAARIF', 'JL TIPAR CAKUNG KP BARU RT 06 RW 04 NO. 30 JAKARTA', 'L', 1, 1),
(2010230088, 'YOGI NUGRAHA', 'JL DELIMA RAYA BLOK A NO.805 RT13/12 DUREN JAYA BE', 'L', 7, 0),
(2010230089, 'SEPTIAN INDRA MAULANA', 'PERUM DUTA KRANJI JL MELATI NO.258 -', 'L', 4, 1),
(2010230090, 'RACHMAT HIDAYAT', 'JL. NUSA INDAH V 8 NO. 181 MALAKA JAYA DUREN SAWIT', 'L', 4, 0),
(2010230091, 'SATRIADI ALHAM JAMI', 'JL. PAPANGO 2 RT. 10/03 NO. 3 KEL. TJ. PRIOK -', 'L', 1, 1),
(2010230092, 'AGUS RIYADI', 'PURI HARAPAN BLOK D10 NO. 9 BEKASI UTARA -', 'L', 5, 0),
(2010230093, 'PUTRI FUZI PANGESTI', 'JL TIPAR CAKUNG KP BARU RT 06 RW 04 NO. 30 JAKARTA', 'L', 6, 0),
(2010230094, 'WAHYUDIN S', 'KP RAWABANTENG RT 001/001 KEL MEKARWANGI KEC. CKR ', 'L', 6, 1),
(2010230095, 'M FADHLAN SATRIA', 'JL. MALAKA BARU GG MUSHOLLA NO. 37 RT 05 RW 01 BIN', 'L', 5, 0),
(2010230096, 'HENDRA', 'KP. RAWA INDAH RT.06 RW.03 NO.22 KEL. PEGANGSAAN 2', 'L', 7, 0),
(2010230097, 'IMROTHUS SAVINAH', 'JL. BALAI RAKYAT KP GEMPOL RT 009 RW 01 NO. 130 CA', 'P', 6, 0),
(2010230098, 'ANDI LESMANA', 'PERMATA HIJAU PERMAI BLOK D3 NO.9 RT.001 RW.018  K', 'L', 8, 0),
(2010230099, 'PRATIKA ARONA MAWARI', 'JL. CEMPAKA BULAK NO. 24 RT.001 RW.04KELURAHAN : J', 'P', 5, 0),
(2010230100, 'FERY PRASETYO', 'GG RADIAN I NO22 RT003/003 NO 22 KALIBARU BEKASI B', 'L', 7, 0),
(2010230101, 'DESIAN SYUKARA', 'JL. BOROBUDUR RAYA E3 NO. 12 AREN JAYA BEKASI TIMU', 'L', 6, 0),
(2010230102, 'MUHAMMAD CHAIRUDIN', 'JL. CIPINANG BALI RT.002 RW.03 CIPINANG MELAYU JAK', 'L', 6, 0),
(2010230103, 'VANDRI NIKELANA EKA PUTRA', 'JL. PERMATA NO. 94 RT. 005 RW. 05 KEL. KEBON PALA ', 'L', 4, 1),
(2010230104, 'MUHAMMAD HARUN', 'JL. GUGUS DEPAN I RT.05 RW.01 KEL. PALMERIA  KEC. ', 'L', 6, 0),
(2010230105, 'DEDI SETIADI', 'KP. PISANGAN RT. 001 RW. 011 NO. 83 PENGGILINGAN C', 'L', 6, 0),
(2010230106, 'ACHMAD SAYUTI', 'KP. DURIKOSAMBI CENGKARENG JAKARTA BARAT', 'L', 6, 0),
(2010230108, 'VONNI KLARINA', 'BUARA 3 NO. 39 RT 02 RW 15 DUREN SAWIT JAKARTA TIM', 'P', 4, 1),
(2010230109, 'MUHAMMAD MUKHLIS', 'CIKUNIR CEGER JL H GOTIH RT04/12 NO.67 KEL JAYA MU', 'L', 4, 1),
(2010230110, 'AHMAD ISKANDAR', 'JL SWADAYA 9 BLOK C NO.22 JATI CEMPAKA PONDOK GEDE', 'L', 7, 1),
(2010230111, 'MAHMUD SEMBIRING', 'JL. MANGGA RT 007 RW 003 NO. 11 PETUKANGAN UTARA, ', 'L', 4, 0),
(2010230112, 'RIDHO FADILLAH ALIMIN', 'PERUM BUMI BEKASI BARU JL. LUMBU TENGAH IXB BLOK 8', 'L', 5, 0),
(2010230113, 'JUNAIDI RAMLI', 'JL RUKUN UJUNG RT006/5 NO.22 KEL PEJATEN TIMUR KEC', 'L', 4, 0),
(2010230114, 'EVI SUSANTI', 'BUARA 3 NO. 39 RT 02 RW 15 DUREN SAWIT JAKARTA TIM', 'P', 6, 0),
(2010230901, 'MUHAMMAD FERDINAL KARIZA', 'JL. TERATAI 8D/168 JATI KRAMAT INDAH I KEL. JATIAS', 'L', 4, 1),
(2010230902, 'HERIS PADILAH', 'Jl. Buaran 2 No.25H RT.003/013, Klender, Duren Saw', 'L', 7, 0),
(2010239001, 'ARIF WINANDAR', 'JL. HAJI GEMON NO.65 RT.04 RW.01 PONDOK KELAPA JAK', 'L', 4, 0),
(2010239006, 'YUNIZAR WARDIANSYAH', 'PULOGEBANG PERMAI BLOK D4-11-12 RT.03 RW.09', 'L', 4, 1),
(2011230001, 'AHMAD FAUJI', 'JL. P. KOMARUDIN RT.015 RW.05 NO. 38 B KEL. PULOGE', 'L', 6, 1),
(2011230002, 'DESNAL', 'JL. JATI 6 SUNGAI BAMBU TANJUNG PRIUK JAKARTA UTAR', 'L', 5, 0),
(2011230003, 'TAUFIK PRABOWO', 'JL. PULO GEBANG KOMP. GUKUSMU NO.3 RT.01 RW.03 CAK', 'L', 4, 0),
(2011230004, 'SYOFIARIZAL WAHYU ILLAHI', 'JL. HAJI GEMON NO.65 RT.04 RW.01 PONDOK KELAPA JAK', 'L', 6, 0),
(2011230005, 'FIKY FADILAH', 'PONDOK UNGU PERMAI BLOK F5/14 BEKASI RT002/012 D3 ', 'L', 1, 1),
(2011230006, 'RAFIANTO', 'PULOGEBANG PERMAI BLOK D4-11-12 RT.03 RW.09', 'L', 5, 0),
(2011230007, 'ANDRIANA', 'KP. KEPU RT.007 RW.06 KEL. KALIABANG TENGAH BEKASI', 'L', 4, 0),
(2011230008, 'MOHAMAD RIZKY ADZANO', 'jalan kampung kepu gang 6 no 25 rt 002 rw 001 kelu', 'L', 6, 0),
(2011230009, 'UMI FADILATUN', 'JL. PADAT KARYA No.3 RT.08 RW.01 PONDOK KELAPA DUR', 'P', 3, 0),
(2011230010, 'YULIANDRI TANJUNG', 'PERUMAHAN HARAPAN JAYA JL. GUNUNG HALIMUN BLOK C 2', 'L', 1, 1),
(2011230011, 'KHOIRI MARIA ULFA', 'KAMPUNG JEMBATAN RT 010/006 NO.26 - -', 'P', 6, 1),
(2011230012, 'RIDHO MASEFTIAN', 'PERUM BEKASI REGENSI I BLOK D4 NO.20 RT.02 RW.05  ', 'L', 1, 1),
(2011230013, 'FEBRIANTO DWI CAHYO', 'JL. NURUL HUDA VI Bekasi Barat', 'L', 4, 0),
(2011230014, 'SHAFRIZAL', 'CIPINANG MUARA 3 RT 07/15 NO.46 CIPINANG JATINEGAR', 'L', 6, 0),
(2011230015, 'TRIWIBOWO', 'KP KEMANG JL. H. MARZUKI NO. 92 RT 02 RW 12 JATICE', 'L', 5, 0),
(2011230016, 'MOHAMMAD UMRI NOVIANTO', 'DUSUN PULOGENDOL RT.6 RW.3 DESA NAMBUHAN KEC. PURW', 'L', 6, 0),
(2011230017, 'ISA NUR FAJAR', 'JL. AMAL 1 RT.010 RW.01 NO.39A PONDOK BAMBU JAKART', 'L', 4, 1),
(2011230018, 'MEGA PRATAMA', 'PANGKALAN JATI NO.44 RT.007 RW.004 CIPINANG MELAYU', 'L', 4, 1),
(2011230019, 'ZAKA PERMANA SETYA', 'JL KH ABDULRACMAN NO.14 RT05/01 KEC BEKASI TIMUR K', 'L', 5, 0),
(2011230020, 'SUSILO WIDIKSONO', 'KP. KEBANTENAN RT.04 RW.05 NO.41 JATI ASIH BEKASI ', 'L', 3, 0),
(2011230021, 'HUSNUR RAHIEM', 'KALI ABANG TENGAH RT. 04 RW.01 BEKASI UTARA -', 'L', 4, 0),
(2011230022, 'SYARIFUDIN LUTFIA RAHMAN', 'KP PETUKANGAN RT 010/005 NO.30 RAWATERATE CAKUNG J', 'L', 7, 0),
(2011230023, 'HENDA SEPTIAN', 'JL PENGGILINGAN KP PEDAENGAN RT.09 RW.08 - -', 'L', 1, 1),
(2011230024, 'MUHAMMAD IRSYADUL IBAD', 'JL. KAPITAN RT.08 RW.04 KLENDER JAKARTA TIMUR -', 'L', 4, 0),
(2011230025, 'TATI SETIANINGRUM', 'JL PENGGILINGAN KP PEDAENGAN RT.09 RW.08 - -', 'P', 1, 1),
(2011230026, 'FAISAL RIVAI', 'JLN.HM.JOYOMARTONO RT.03/21 KEL.MARGAHAYU BEKASI T', 'L', 1, 1),
(2011230027, 'ADITIA ARI SUSENO', 'HARAPAN JAYA JL. DANAU TOBA RT.10  RW.11', 'L', 4, 1),
(2011230028, 'ADRIAN CLINTON UDY', 'JLN.HM.JOYOMARTONO RT.03/21 KEL.MARGAHAYU BEKASI T', 'L', 6, 1),
(2011230029, 'SYAIFUL ANDRI SETIAWAN', 'JLN.HM.JOYOMARTONO RT.03/21 KEL.MARGAHAYU BEKASI T', 'L', 4, 0),
(2011230030, 'MUHAMMAD RANDI', 'JL.PANCAWARGA IV RT04/07 NO.18 KEL.CIPINANG MUARA ', 'L', 6, 0),
(2011230031, 'ARDHAN NUGRAHA RAMADHAN', 'PERUM DEPNAKER BLOK K 21 NO.58 BEKASI UTARA -', 'L', 8, 1),
(2011230034, 'MOHAMMAD IQBAL DWI SETIADANI', 'TAMAN CIKUNIR INDAH E4/13 RT09/011 JAKA MULYA BEKA', 'L', 5, 0),
(2011230035, 'CHANDRA HADIYANTO', 'Jalan . Delima III gang I no 4,RT 012/RW 003,kelur', 'L', 7, 0),
(2011230036, 'ALFIN ALATIF', 'Jl. H.mathali rt 011 rw 009 bintara jaya bekasi ba', 'L', 6, 0),
(2011230037, 'DIMAS DWI  HARDANA', 'PERUM DEPNAKER BLOK K 21 NO.58 BEKASI UTARA -', 'L', 6, 0),
(2011230038, 'BAGUS APRYANTO', 'PERUM DEPNAKER BLOK K 21 NO.58 BEKASI UTARA -', 'L', 4, 0),
(2011230039, 'SHALAHUDIN AL AYUBI', 'JL.Pulo Gebang Rt 03/04 no.13 Cakung Jakarta timur', 'L', 6, 0),
(2011230040, 'RIZKY MULYO RAHARJO', 'jl.cipinang cempedak 5 no 19 rt 07 rw 06', 'L', 6, 0),
(2011230041, 'YOHANES BUDHI SURYANTO', 'PERUM DEPNAKER BLOK K 21 NO.58 BEKASI UTARA -', 'L', 6, 1),
(2011230042, 'ISMI FAISAL FAZLAN', 'JL SETIA 2 RT 07/04 NO.4 JATIWARINGIN PONDOK GEDE ', 'L', 4, 1),
(2011230043, 'FEBRIKA PUJIASMORO', 'PERUM DEPNAKER BLOK K 21 NO.58 BEKASI UTARA -', 'L', 4, 0),
(2011230044, 'FAISAL MAHDI', 'Jl. Kaliabang tengah no:1Rt:003/015 Bekasi utara', 'L', 7, 0),
(2011230045, 'ABDUL JABAR HAKIM', 'JL. RAMBUTAN INDAH,  JATI ASIH JATI MEKAR BEKASI', 'L', 4, 0),
(2011230046, 'CARIOLA RAMA PUTRA', 'JL. RAMBUTAN INDAH,  JATI ASIH JATI MEKAR BEKASI', 'L', 5, 1),
(2011230047, 'DODDY ARVIAN', 'Jl. Kaliabang tengah no:1Rt:003/015 Bekasi utara', 'L', 4, 1),
(2011230048, 'DADI RAHMATULLOH', 'PONDOK UNGU PERMAI BLOK AC 4 NO 1, KEL. BAHAGIA, K', 'L', 6, 1),
(2011230049, 'SUWARDI', 'PONDOK UNGU PERMAI BLOK AC 4 NO 1, KEL. BAHAGIA, K', 'L', 4, 1),
(2011230050, 'BRAMANTIYOKO SETIAWAN', 'PONDOK UNGU PERMAI BLOK AC 4 NO 1, KEL. BAHAGIA, K', 'L', 7, 0),
(2011230051, 'SUGIANTO', 'PONDOK UNGU PERMAI BLOK AC 4 NO 1, KEL. BAHAGIA, K', 'L', 4, 1),
(2011230052, 'NUR HAPID', 'JL. BERINGIN RAYA RT.05 RW.04 BEKASI BARAT BEKASI ', 'L', 4, 1),
(2011230901, 'HASBI YALLAH', 'Perumahan Cibubur CountryCluster The Royal 3 No.20', 'L', 6, 1),
(2011230902, 'RIO FERNANDO PARSAORAN', 'Perumahan Taman Raya Bekasi Blok D1 NO.4A tambun', 'L', 5, 1),
(2011230903, 'AGUS FADILAH', 'Perumahan Cibubur CountryCluster The Royal 3 No.20', 'L', 4, 1),
(2011230904, 'RATNA YUNINGTIAS RITONGA', 'Jl.taman hibrida blok K 12 No 16/17 kavling DKI po', 'P', 6, 0),
(2011239001, 'SUPRIYO', 'PONDOK UNGU PERMAI BLOK AC 4 NO 1, KEL. BAHAGIA, K', 'L', 1, 1),
(2011239003, 'YORAM', 'PONDOK UNGU PERMAI BLOK AC 4 NO 1, KEL. BAHAGIA, K', 'L', 5, 1),
(2012230001, 'ANDRI WAHYU SEJATI', 'jl h.oyar rt.04/rw.02 pegangsaan dua, kelapa gadin', 'L', 4, 0),
(2012230002, 'BOY NANANG SOLEHUDIN', 'Perumahan Cibubur CountryCluster The Royal 3 No.20', 'L', 6, 1),
(2012230003, 'ASEP ADE PRATAMA', 'Jl. Raya Pulogebang Gg.H.Asmawi rt.005/004 No.152,', 'L', 1, 1),
(2012230004, 'REFLI APRIANDI', 'Perumahan Cibubur CountryCluster The Royal 3 No.20', 'L', 1, 1),
(2012230005, 'PRAVANGASTA ANGGA HERMAWAN', 'TAMAN ALAMANDA BLOK B12 NO 14 TAMBUN UTARA BEKASI', 'L', 6, 0),
(2012230006, 'MUHAMMAD FAHRRU ROZI', 'PONDOK UNGU PERMAI BLOK AC 4 NO 1, KEL. BAHAGIA, K', 'L', 1, 1),
(2012230007, 'RICKY FITRAH ABHARI', 'PONDOK UNGU PERMAI BLOK AC 4 NO 1, KEL. BAHAGIA, K', 'L', 4, 1),
(2012230008, 'MUHAMMAD HAFIZ', 'Perumahan Cibubur CountryCluster The Royal 3 No.20', 'L', 6, 0),
(2012230009, 'GUSTAF PAHLEVI', 'Perum Bekasi Timur Regensi Blok O.5/16RT/RW : 004/', 'L', 5, 0),
(2012230010, 'SEPTYANO KURNIAWAN', 'PONDOK UNGU PERMAI BLOK AC 4 NO 1, KEL. BAHAGIA, K', 'L', 6, 1),
(2012230011, 'RIZKAR ROEHYAT NOOR', 'PONDOK UNGU PERMAI BLOK AC 4 NO 1, KEL. BAHAGIA, K', 'L', 4, 0),
(2012230012, 'ADLI INAS', 'PONDOK UNGU PERMAI BLOK AC 4 NO 1, KEL. BAHAGIA, K', 'L', 4, 1),
(2012230013, 'RACHMAD DWI KURNIAWAN', 'PONDOK UNGU PERMAI BLOK AC 4 NO 1, KEL. BAHAGIA, K', 'L', 5, 1),
(2012230014, 'ANDI GUNARDI', 'PONDOK UNGU PERMAI BLOK AC 4 NO 1, KEL. BAHAGIA, K', 'L', 3, 1),
(2012230015, 'THIOFANI AUGUSTINA EDYSON', 'PONDOK UNGU PERMAI BLOK AC 4 NO 1, KEL. BAHAGIA, K', 'P', 4, 1),
(2012230016, 'RENDY NUR ILLAHI', 'Jalan Kaliabang Tengah RT. 01 RW. 02 NO.24', 'L', 7, 0),
(2012230017, 'MUKLIS HANAFI', 'PONDOK UNGU PERMAI BLOK AC 4 NO 1, KEL. BAHAGIA, K', 'L', 1, 1),
(2012230018, 'YUSUF AFFANDI', 'Jl.Menteng wadas utara rt6 rw11 no.1 ,kec.setia bu', 'L', 4, 1),
(2012230019, 'CHINTYA MILARISKY', 'PONDOK UNGU PERMAI BLOK AC 4 NO 1, KEL. BAHAGIA, K', 'P', 1, 1),
(2012230020, 'MOHAMAD ZUBAIR', 'PONDOK UNGU PERMAI BLOK AC 4 NO 1, KEL. BAHAGIA, K', 'L', 1, 1),
(2012230022, 'WARDAYAT', 'Jl. Kp rawa indah rt.06/003 kel.pegangsaan dua kec', 'L', 4, 0),
(2012230023, 'DANI SUPATMIYATI', 'PONDOK UNGU PERMAI BLOK AC 4 NO 1, KEL. BAHAGIA, K', 'P', 6, 1),
(2012230024, 'FAISAL RIDWAN', 'JL.PULOGEBANG RT04/004 NO.53 CAKUNG JAKARTA TIMUR', 'L', 4, 1),
(2012230025, 'DAMHUDI EFFENDI', 'Jl.Pinang2', 'L', 1, 1),
(2012230026, 'FAHROEL MOCHAMMAD', 'PONDOK UNGU PERMAI BLOK AC 4 NO 1, KEL. BAHAGIA, K', 'L', 4, 1),
(2012230027, 'NOVIANI WIDYA SARI', 'Kemang Pratama 2,Jl.Anggrek 3,blok AW-3,Bekasi', 'P', 3, 0),
(2012230028, 'ILHAM YULYANSYA', 'kp pulo jahe rt 001/014 kecamatan:cakungkelurahan:', 'L', 2, 1),
(2012230029, 'KHOMSIN', 'kp pulo jahe rt 001/014 kecamatan:cakungkelurahan:', 'L', 6, 1),
(2012230030, 'MUHAMAD IRVAN NUR', 'kp pulo jahe rt 001/014 kecamatan:cakungkelurahan:', 'L', 1, 1),
(2012230031, 'MUHAMMAD ABDUL AZIS', 'kp pulo jahe rt 001/014 kecamatan:cakungkelurahan:', 'L', 4, 1),
(2012230032, 'PUTRI HANDAYANI', 'jln bintara jaya no16 rt06/09 kel bintara jaya kec', 'P', 4, 0),
(2012230033, 'DWI HARTANTO', 'kp pulo jahe rt 001/014 kecamatan:cakungkelurahan:', 'L', 5, 1),
(2012230034, 'UMMUL AFIFAH', 'Jl. Bangun Jaya Blok K.9. Duren Sawit. Jakarta Tim', 'P', 4, 0),
(2012230035, 'ROBBY WISMA HIDAYAT', 'jl. pujakesuma no.23 pondok gede, bekasi', 'L', 6, 1),
(2012230036, 'GANANG DASA MUHARGI', 'jl. pujakesuma no.23 pondok gede, bekasi', 'L', 6, 1),
(2012230037, 'MUHAMMAD RIZKY RIVALDI', 'jl. pujakesuma no.23 pondok gede, bekasi', 'L', 6, 0),
(2012230038, 'AMELIA DESMITASARI', 'jl. pujakesuma no.23 pondok gede, bekasi', 'P', 7, 0),
(2012230039, 'AMELIA SEPTIE VERGISHA', 'jl. pujakesuma no.23 pondok gede, bekasi', 'L', 1, 1),
(2012230040, 'FACHRUR ROZI', 'Jl.malaka sari rt/rw 011/008 duren sawit jakarta t', 'L', 6, 1),
(2012230041, 'HENRYANI ADELSA', 'jl. pujakesuma no.23 pondok gede, bekasi', 'P', 7, 0),
(2012230042, 'RIZKY HALIM SAPUTRA', 'jl. pujakesuma no.23 pondok gede, bekasi', 'L', 6, 1),
(2012230044, 'MUTIA KILANDRA', 'jl. pujakesuma no.23 pondok gede, bekasi', 'L', 4, 1),
(2012230045, 'BERNARDUS BEDA LOJOR', 'jl. pujakesuma no.23 pondok gede, bekasi', 'L', 1, 1),
(2012230047, 'DENA YUNITA', 'Perum. SBS Jl.Musi Raya BLOK A7/16 RT.02 RW.08Kel.', 'P', 6, 1),
(2012230048, 'JUAN RIFAI', 'Kp.pisangan Rt.019/005 No.43 Kel.Penggilingan Kec.', 'L', 8, 0),
(2012230049, 'JUHARDI HAMSYAH', 'JL.Buaran I no.67A RT.009/012', 'L', 6, 0),
(2012230050, 'RAMANDA AULIA', 'jl. pujakesuma no.23 pondok gede, bekasi', 'L', 5, 1),
(2012230051, 'LUKMAN NURHAKIM', 'jl. pujakesuma no.23 pondok gede, bekasi', 'L', 6, 1),
(2012230052, 'DEWI WULANDARI', 'jalan Al-Hidayah II Blok D nomor 19 kelurahan jati', 'P', 5, 0),
(2012230053, 'ANGGA YUDISTIRA', 'jl. pujakesuma no.23 pondok gede, bekasi', 'L', 5, 1),
(2012230054, 'ZACKI ALFAROBY', 'jl. pujakesuma no.23 pondok gede, bekasi', 'L', 5, 0),
(2012230055, 'ADITIA KURNIAWAN', 'jl. pujakesuma no.23 pondok gede, bekasi', 'L', 6, 1),
(2012230056, 'MUHAMMAD IKHSAN HASIBUAN', 'jl. pujakesuma no.23 pondok gede, bekasi', 'L', 6, 1),
(2012230057, 'CHAIDIR AKBAR', 'jl. pujakesuma no.23 pondok gede, bekasi', 'L', 6, 1),
(2012230058, 'RIKI RETNO PURWANTO', 'jl. pujakesuma no.23 pondok gede, bekasi', 'L', 6, 1),
(2012230059, 'DIAN SUHADI', 'jl. pujakesuma no.23 pondok gede, bekasi', 'L', 7, 0),
(2012230060, 'THEZARA LEONY', 'jl. pujakesuma no.23 pondok gede, bekasi', 'L', 1, 1),
(2012230061, 'HENDRICK YOSE GABE', 'jl. pujakesuma no.23 pondok gede, bekasi', 'L', 7, 1),
(2012230062, 'ISHAK MUHAMAD LUTHFI', 'Desa Kepuh Rt/Rw 08/02 Kec. Lemahsugih Kab. Majale', 'L', 4, 0),
(2012230063, 'FARAFLY SATRIA POLIOTO', 'Pondok ungu permai blok Ad 12 no 24', 'L', 4, 1),
(2012230064, 'VICKY NUR SOPIAN', 'jl. pujakesuma no.23 pondok gede, bekasi', 'L', 1, 1),
(2012230065, 'EGA PRASETYA', 'jl.raya bekasi km.23 cakung jakarta timur RT 007/0', 'L', 5, 1),
(2012230066, 'DIANA NUR MAULIDA', 'JL. Arabika VII Block Y12/ No. 1 Pondok Kopi Jakar', 'P', 6, 1),
(2012230067, 'UNO AENUN ACHSON', 'JALAN MANUNGGAL III/16 SEKTOR VII RT 011 RW 06 KEL', 'L', 6, 0),
(2012230068, 'UJANG KURNIAWAN', 'jl. pujakesuma no.23 pondok gede, bekasi', 'L', 5, 1),
(2012230200, 'YAHYA', 'buaran', 'L', 1, 0),
(2012230201, 'RIANTO', 'buaran', 'L', 1, 0),
(2012230901, 'YADI NURDIN', 'Jl. Irigasi Rt 05/Rw 021 Pekayon Jaya, Bekasi Sela', 'L', 7, 0),
(2012230902, 'DENY HARTANTO', 'Jl. Rawa Bebek RT 003/RW 001 Gg. Amal IV No. 65Pul', 'L', 6, 1),
(2012230903, 'YULIENDI TANJUNG', 'jl. pujakesuma no.23 pondok gede, bekasi', 'L', 8, 1),
(2012230904, 'SUHERMAN', 'jl. pujakesuma no.23 pondok gede, bekasi', 'L', 5, 1),
(2012230905, 'TIRTA BAYU SATRIA', 'jl. pujakesuma no.23 pondok gede, bekasi', 'L', 7, 0),
(2012239001, 'BUDI MUHAROM', 'jl. pujakesuma no.23 pondok gede, bekasi', 'L', 6, 0),
(2013230001, 'ADE MUSLIM', 'KP. BOJONG DESA CIGADOG KEC. LEUWISARI TASIKMALAYA', 'L', 6, 0),
(2013230003, 'MUHAMMAD REZA', 'JL. PERINTIS KEMERDEKAAN NO 69 RT 09 RW 02 PULOGAD', 'L', 4, 1),
(2013230004, 'EKO BAMBANG SADEWO', 'KOMPLEK GRAHA HARAPAN BLOK A3 NO 01 Mustika jaya, ', 'L', 6, 0),
(2013230006, 'AMALIA MAWADDAH', 'JL. LINGKAR DUREN SAWIT NO 23 BLOK K RT 01 RW 010J', 'P', 6, 0),
(2013230007, 'RAZIF LORENZA SIREGAR', 'KP. PULOJAHE RT 007 RW 05 NO 23 CAKUNG JAKARTA TIM', 'L', 6, 1),
(2013230008, 'RAMDHAN DWI ANTORO', 'JL BUMI BAHAGIA XI KP.UJUNG HARAPANRT 006 RW 044 B', 'L', 4, 0),
(2013230009, 'RAKHMAT HIDAYAT', 'JL RAYA PULOGEBANG KEC CAKUNG JAKARTA TIMUR--', 'L', 4, 1),
(2013230010, 'KIKI MINAWATI', 'KP PENGARENGAN RT 06 RW 06KEC JATINEGARA KEC CAKUN', 'P', 7, 0),
(2013230012, 'MEGGI', 'JL. MERDEKA DALAM N0.25KEC. PEMANGKAT KAB. SAMBASK', 'P', 4, 1),
(2013230013, 'R. BENNY FIRMAN PUJI HARTANTO', 'JL. IR. H. JUANDA NO.03 RT.001/01.KEL.MARGAHAYU, B', 'L', 5, 1),
(2013230014, 'SYARIF HIDAYATULLAH', 'JATIWARINGIN RT 003 RW 003 NO 73 PONDOK GEDE BEKAS', 'L', 4, 0),
(2013230015, 'KUKUH PRADITYO', 'JALAN RAYA HANKAM PONDOK GEDE HOUSING II BLOK EE-1', 'L', 6, 0),
(2013230016, 'PUNGKY MURANTO', 'PUP SEKTOR V BLOK I 11 NO.38 RT02 RW030 DESA BAHAG', 'L', 4, 0),
(2013230017, 'RAKA GUSTI PRADANA', 'BEKASI TIMUR REGENCI BLOK S6/1FRT 04 RW 09 KECAMAT', 'L', 7, 0),
(2013230018, 'JUNDI LUQMAN FIRDAUS', 'JL. MALAKA BARU II RT 07 RW 11 N0 93PONDOK KOPI JA', 'L', 4, 0),
(2013230019, 'ADITYA ARIE NOVIANTORO', 'KOMPLEK BILLY MOON JL MAYANG PONDOK KELAPA JAKARTA', 'L', 4, 1),
(2013230020, 'AHMAD FAUZI', 'JL. INSPEKSI PAM RT 17 RW 04 NO 143 CAKUNG BARATJA', 'L', 6, 1),
(2013230021, 'SAMSUL ARIFIN', 'JL MADRASAH BOJONG INDAH NO 3 RT 10 RW 6 PONDOK KE', 'L', 5, 0),
(2013230022, 'DZAKY AKBAR AGASY', 'PERUMAHAN LEGENDA PARK C10/7BEKASI TIMUR-', 'L', 4, 1),
(2013230023, 'YUSUF FAHRUDIN', 'JALAN H. HARUN 1 KP. BULAK PONCOL RT  011RW 18 NO.', 'L', 6, 0),
(2013230024, 'YUSUF MAULANA ', 'JL. AL-FALLAH 2 KP.2 RT 06 RW 21 NO 68JAKASAMPIRNA', 'L', 1, 1),
(2013230025, 'IMAM SYAHRU RAMADHANA', 'JL RASAMALA 2 NO 2 RT 12 RW 09 JAKARTA SELATAN--', 'L', 6, 0),
(2013230026, 'RAMA CAESAR AGUSTI', 'JL. DELIMA 1 RT 009 RW 02 NO103KEL LUBANG BUAYA KE', 'L', 6, 0),
(2013230027, 'RIO KASTANEDA', 'JL. NANGKA ATAS JATIBENING BARU--', 'L', 7, 1),
(2013230028, 'DANI ARIYANTO H', 'jl. pujakesuma no.23 pondok gede, bekasi', 'L', 1, 1),
(2013230029, 'R.A LUNA SHAFA ZAIRA', 'JL PERTANIAN SELATAN RT 015 RW 003 NO 10--', 'P', 7, 0),
(2013230030, 'ANIS SUBHAN', 'JL MAYJEND SUTOYO RT 002 RW 014 NO 17 CILILITAN', 'L', 4, 0),
(2013230031, 'DIMAS PRASSATRIO', 'Btp', 'L', 4, 0),
(2013230032, 'TRI ANTO FAJAR', 'JALAN DUREN TIGA BARAT 6 RT 06 RW 02 KEL DUREN TIG', 'L', 4, 0),
(2013230033, 'AGUS TRIONO', 'jl. pujakesuma no.23 pondok gede, bekasi', 'L', 5, 0),
(2013230034, 'ATIKA SARI', 'JL. TIPAR CAKUNG RT/RW. 13/004CAKUNG BARATJAKARTA ', 'P', 6, 1),
(2013230035, 'IZZA FADIYAH', 'JALAN RAYA PENGGILINGANRT011 RW001 NO30-', 'P', 6, 1),
(2013230036, 'RATIH DWILESTARI', 'Jalan Raya Bekasi KM 23 Rt 012/04 Cakung, Jakarta ', 'P', 5, 0),
(2013230037, 'WAHYU PANGIHUTAN', 'JL. PALAPA IV NO 68 JAKASETIABEKASI SELATAN-', 'L', 7, 0),
(2013230038, 'WINDI TRIYANI', 'JALAN CIPINANG PULO MAJA RT04 RW010 NO24--', 'P', 6, 0),
(2013230039, 'LISA AWALIA HANDAYANI', 'JALAN DR KRT RADJIMAN WIDYODININGRAT NO 96RT 09 RW', 'P', 8, 0),
(2013230040, 'MUHAMMAD ADITYA WIGUNA', 'KAV. TAMAN WISATSA BLOK F2 NO12 KECAMATAN BAHAGIA ', 'L', 5, 0),
(2013230041, 'MUHAMMAD FADILAH', 'BOJONG RANGKING RT2 RW 7 KELURAHAN PONDOK KOPI KEC', 'L', 7, 0),
(2013230042, 'ZAINAL ARIFIN', 'JALAN BINTARA 9/KP SETU RT003 RW01 NO54', 'L', 6, 0),
(2013230043, 'LAELI ATIKOH', 'PEDURENAN RT 08 RW 06 RAWA TERATEKECAMATAN CAKUNG ', 'P', 6, 0),
(2013230044, 'M. FARIZ AL-ASQOLANI                  ', 'DELIMA RAYA TERATAI PUTIH RT 004 RW 001JAKARTA TIM', 'L', 4, 1),
(2013230045, 'SIDIQ DHARMAWAN ', 'Jl.onik 9 PERUM REGENCY CIKAMPEK KEC.KOTABARU KAB.', 'L', 6, 0),
(2013230046, 'CEPY ABDUL KAHFI', 'JALAN TAMBUN RENGAS RUKEM PRATAMA UJUNG MENTENGCAK', 'L', 6, 0),
(2013230047, 'STEPHANUS RESDI LAZUARDI ', 'JL. BEKASI TIMUR 5  RT 08 RW 09 CIPINANG BESAR UTA', 'L', 6, 1),
(2013230048, 'ASTI GENTRA KATRESNA', 'Jl. Al-Ikhlas RT:004/01 No.67 ', 'P', 4, 0),
(2013230049, 'MUSTOPA KAMALUDIN', 'JL.PANGKALAN JATI V', 'L', 4, 0),
(2013230050, 'VIKKY VIBHIANSYAH', 'jl. pujakesuma no.23 pondok gede, bekasi', 'L', 7, 1),
(2013230051, 'ERWIN HAMONANGAN LUMBAN TOBING', 'VILA NUSA INDAH V BLOK SB 8/6 CIANGSANAGUNUNG PUTR', 'L', 4, 1),
(2013230052, 'NILA CAHYANINGRUM', 'PERUM. BEKASI REGENSI 2 Jl. Cempedak 7 BLOK CC 6 N', 'P', 5, 1),
(2013230053, 'NIKCO PRAMUJI SETIYOKO', 'Perumahan bumi asri jalan kurma 5 no 2', 'L', 4, 0),
(2013230054, 'VIRGIAWAN EKO YUDHA H S', 'ASRAMA POLRI KEMAYORAN RT 011 RW 009 JAKARTA PUSAT', 'L', 6, 1),
(2013230055, 'RYAN RIZKI LUTHFIANSYAH', 'jl. pujakesuma no.23 pondok gede, bekasi', 'L', 4, 1),
(2013230056, 'REZA EKA PRASETYO', 'KP RAWA SAPI RT 004 RW 009 KEL JATIMULYAKEC TAMBUN', 'L', 7, 0),
(2013230057, 'RIYANTO', 'KP. BARU KLENDER RT 009 RW 001--', 'L', 4, 0),
(2013230058, 'PRAMESTI HATTA K', 'JL. HM. SIDIK N08 RT12 RW05PONDOK BAMBU KEC DUREN ', 'L', 4, 0),
(2013230059, 'NARYO', 'GRIYA ASRI 2 BLOK E10 NO 34 SUMBER JAYA TAMBUNBEKA', 'L', 6, 1),
(2013230060, 'SEPTIAN CARITO PUTRO', 'Kp baru rt 010 rw 007 cakung barat Jakarta timur', 'L', 5, 0),
(2013230061, 'HELMI ARIWIBOWO', 'jl. pujakesuma no.23 pondok gede, bekasi', 'L', 4, 1),
(2013230062, 'ANDREA DAMAYANTI', 'Jl. H. Iman RT 007/001 Kayuringin Jaya, Bekasi Sel', 'P', 6, 0),
(2013230063, 'BAYU  AJI PRAMBUDI', 'UJUNG HARAPAN RT/RW. 07/05KEC. BABELAN KAB. BEKASI', 'L', 1, 1),
(2013230064, 'MUNTAQO NUR ARIFIN', 'JALAN SWAKARSA 1B RT 03 RW 03PONDOK KELAPAJAKARTA ', 'L', 5, 1),
(2013230065, 'DIDI AGUS PRIYANTO', 'TLAGA RT 04 RW 07 KECAMATAN GUMELARKABUPATEN BANYU', 'L', 4, 1),
(2013230066, 'SEBASTIAN DALOPEZ SIMBOLON', 'JL. TANAH TINGGI XII NO. D130A RT/RW. 02/08JAKARTA', 'L', 6, 1),
(2013230067, 'RENI LESTARI', 'JL. SULTAN AGUNG RT 02 RW 01 NO 24KEL. MEDAN SATRI', 'P', 1, 1),
(2013230068, 'ANDIKA SAYUTI SYAH', 'KOMPLEK HARAPAN KITAJL. KANTIL III BLOK H4 NO 7 KA', 'L', 1, 1),
(2013230069, 'AQID AJI PRAYOGI', 'jl. pujakesuma no.23 pondok gede, bekasi', 'L', 6, 1),
(2013230070, 'ALDI SETYAWAN WIJAYA', 'Komp. Departemen Pertanian, jl.kedelai II no 314 r', 'L', 1, 1),
(2013230071, 'TEGUH ANDHI PRADANA', 'JL. PETUKANGANRT 01 RW 04 CAKUNGJAKARTA TIMUR', 'L', 4, 0),
(2013230072, 'NORMA ZERLINA AMADEA', 'JALAN KENANGA RAYA NO.141 RT5 RW3 KELURAHAN KARANG', 'P', 6, 0),
(2013230073, 'ROFI WIHARYADI', 'JL. CILINGUP 2/33 RT 005/002KEL DUREN SAWIT KEC DU', 'L', 5, 0),
(2013230074, 'DENLY ALISLAMIE THENDEAN', 'JL.MALAKA COUNTRY ESTATEPONDOK KOPI', 'L', 6, 0),
(2013230075, 'BUNYANUM MARSUS', 'kav.mekar jaya Rt05/006 no:105kel:harapan mulyakec', 'L', 4, 1),
(2013230076, 'MUHAMAD ZAINUDIN', 'jl. pujakesuma no.23 pondok gede, bekasi', 'L', 4, 0),
(2013230077, 'LINDA SORAYA SEPTIANA', 'Jl. Sentosa IV B.19 NO.12RT/RW : 007/010Kelapa Gad', 'P', 5, 0),
(2013230078, ' SRI WIDIA ASTUTI', 'PERUM GRAND MUSTIKASARIRT 05 RW 06 B2 31BEKASI TIM', 'P', 3, 0),
(2013230079, 'ISMON JULIUS SINAGA', 'JL. LUMBU UTARA RAYA BEKASI--', 'L', 4, 1),
(2013230080, 'RIYAN GUFRONI', 'KP. PULO JAHE 008 014 JATINEGARA CAKUNG--', 'L', 7, 0),
(2013230081, 'HENDRO NURUL JAMAL', 'JL. PENDIDIKAN RT 004/09-PEKAYON - PASAR REBO', 'L', 1, 1),
(2013230190, 'FARID', 'jatinegara', 'L', 2, 0),
(2013230901, 'ADI SUHARJO', 'KP. TENGGILIS RT 03 RW O5 NO 22LAMBANGSARI TAMBUN ', 'L', 4, 0),
(2013230902, 'ZARKASIH HARIS HAMDI', 'JL. BINTARA RAYA RT 18/02 NO. 29KEL. BINTARA KEC. ', 'L', 1, 1),
(2013239002, 'ROBBY SLAMET SUPRIYADI', 'jl. pujakesuma no.23 pondok gede, bekasi', 'L', 1, 1),
(2014230001, 'BENARDI', 'KOMPLEK BENING INDAH BLOK A1 NO. 18 JATI BENING PO', 'L', 4, 0),
(2014230002, 'RIAN ANDRIYUSADI', 'PERUMAHAN BEKASI BARU. JALAN PASIR PUTIH 2 NO. 148', 'L', 6, 0),
(2014230003, 'ALIFFUDIN', 'JL. KEBUN JERUK TIMUR RT10/02 NO. 47 KEL. CBU KEC.', 'L', 4, 0),
(2014230004, 'GANTANG THOLE RIANTO', 'jalan H. Aman Rt/Rw 007/010 no. 40M Duren Sawit Ja', 'L', 1, 1),
(2014230005, 'FEBRY SIHITE', 'kp pamahan no 7 rt 01/08', 'L', 4, 0),
(2014230006, 'DHIKY HERSANDI', 'UJUNG PULAU TANJUNG SAKTI PUMU KABUPATEN LAHAT SUM', 'L', 1, 1),
(2014230007, 'TEGUH SUBEKTI', 'JL ALUR LAUT RT 006 RW 003 N0 17 RAWA BADAK SELATA', 'L', 0, 0),
(2014230008, 'SITI ANISAH', 'Jl. Dermaga RT 003 RW 017 No 40Kel. KlenderKec. Du', 'P', 6, 1),
(2014230009, 'NENDA FITRIANA', 'jalan kp rawadas rt 010 rw 03kelurahan pondok kopi', 'P', 1, 1),
(2014230010, 'RIZKA MULYANTI', 'Jl. H. Miran RT003 RW02Pondok KopiDuren Sawit', 'P', 4, 0),
(2014230011, 'NANDANG DWI KUSWARA', 'JALAN RAYA TIPAR CAKUNG GG SALON RT 08 RW 003 KP S', 'L', 4, 1),
(2014230012, 'HERMAWAN ARDIANTO', 'pondok ungu permai sektor V blok j3 no 5', 'L', 5, 0),
(2014230013, 'RISKI BAYU PRAYUGA ', 'Bojong rangkong', 'L', 4, 1),
(2014230014, 'ALVINADI PUTRA HIMAWAN', 'Jl. Raya Jatiasih No. 10 Bekasi', 'L', 6, 0),
(2014230015, 'NUR AINI', 'KP PENGARENGAN RT13 RW12 KEL. JATINEGARA KEC. CAKU', 'P', 6, 0),
(2014230016, 'HAMMAM BARI', 'Jl. Tebet Barat 1C No. 30 RT 002 RW 002 Jakarta Se', 'L', 6, 0),
(2014230017, 'IRSYAD KHOLIF MUFADHOL', 'PURI CENDANA BLOK CI/23 RT.001 RW.008 DESA SUMBERJ', 'L', 7, 0),
(2014230018, 'NURINA AZIZAH', 'Jetis kulon 10/50-A surabaya', 'P', 3, 0),
(2014230019, 'ARIF SETIAWAN', 'Jl. cikunir Raya N0 64 RT 002 RW 001 JakamulyaBeka', 'L', 6, 0),
(2014230020, 'RIZKY PRATAMA', 'JL. KEBON KELAPA RT 006/010 NO.22 UTAN KAYU SELATA', 'L', 7, 0),
(2014230021, 'YUDHISTIRA WICAKSONO', 'PERUM GRIYA ALAM SENTOSA I 13 NO.11 CILEUNGSI BOGO', 'L', 6, 0),
(2014230022, 'EVA NOVIOLITA', 'Jln bintara', 'L', 4, 0),
(2014230023, 'OCTAVIA INDRI ANI', 'GRIYA ASRI 2 BLOK E9 NO. 8 TAMBUN SELATAN BEKASI', 'P', 1, 1),
(2014230024, 'RIKI', 'JL. SWADAYA RT001/014 NO. 53 PONDOK GEDE BEKASI BA', 'L', 6, 0),
(2014230025, 'REZA NANDA', 'Jl. Raya Rawa Kuning RT 04 RW 02Pulogebang/CakungJ', 'L', 8, 0),
(2014230026, 'AGUSTIN FADILLAH', 'JL. BINTARA 13 RT 04 RW 13 NO. 100 A BEKASI BARAT', 'L', 6, 0),
(2014230027, 'ZAENAB ', 'JL. I GUSTI NGURAH RAI KP JEMBATAN RT 09 RW 12 NO ', 'P', 5, 1),
(2014230028, 'ENDFANSHURNA ARDHU HANDANA', 'BEKASI REGENSI I JL.KRESNA 7 BLOK K6 NO 18-19 RT 0', 'L', 6, 1),
(2014230029, 'JULFIKRI SYAHNA', 'BEKASI REGENSI 1 BLOK I9 NO 18 RT 02 RW 07', 'L', 5, 0),
(2014230030, 'JIMMY KRISDIAGUNG SULISTYO', 'KP. PETUKANGAN RT 016 RW 04. KEL RAWATERATE KEC CA', 'L', 5, 0),
(2014230031, 'ALFA JULIANA', 'JL. PANGKALAN JATI 1 RT 04 RW 013 N0 43 JAKARTA TI', 'P', 5, 0),
(2014230032, 'MUHAMMAD ADITYA SETIAWAN', 'JL. HJ. HARUN PONDOK GEDE RT 07/010', 'L', 6, 0),
(2014230033, 'ANDRI OKTAVIANA SAPUTRA', 'JL. LUMBU TENGAH 1 NO 121 KOTA BEKASI', 'L', 6, 1),
(2014230034, 'YOHANNA APRILIA', 'JALAN WARUDOYONG GG H DJAMIN III RT10 RW08 ', 'P', 6, 0),
(2014230035, 'YANU AJI PRASETYO', 'PERUM TELAGA HARAPAN RT04/11 BLOK G15 NO. 8 TELAGA', 'L', 6, 0),
(2014230036, 'BAYU HERMAWAN', 'KOMPLEK DEPSOS PESONA TERATAI blok c2 no 17 rt 09 ', 'L', 7, 0),
(2014230037, 'MUHAMAD MAMBAUL ANWAR ', 'KP. MALAKA RT.002 RW.002 KELURAHAN PONDOK KOPI DUR', 'L', 1, 1),
(2014230038, 'EKO WAHYU SAPUTRO ', 'KP. RAWABADUNG RT 02 RW 07 CAKUNG JAKARTA TIMUR', 'L', 7, 0),
(2014230039, 'EKO PRASETYO', 'perum pesona gading blok L3 no. 7 RT002/017 WANAJA', 'L', 4, 1),
(2014230040, 'MUHAMMAD MUSLIH JAYADI', 'Jl. Bumi Raya VII Rt. 02/003 No. 24 Duren Sawit Ja', 'L', 6, 0),
(2014230041, 'ILHAM RAMADHAN', 'KOMPLEK AL BLOK B NO. 168 RT 05 RW 10 KELURAHAN JA', 'L', 8, 0),
(2014230042, 'DANIEL RIDWAN SURYOKUSUMO', 'BEKASI UTARA PUP BLOK FF 1 NO. 5 ', 'L', 6, 0),
(2014230043, 'DIMAS ESTU PAMUNGKAS', 'JL. KP WARAKAS RT 06 RW 03 PONDOK KOPI JAKARTA TIM', 'L', 5, 0),
(2014230044, 'MARDYAMAN RAHMATTULLAH ', 'Jl. Reformasi RT 03 RW 08 No 2 Kecamatan Cakung Ke', 'L', 6, 0),
(2014230045, 'RADEN HARYO AGUNG BAGASKARA', 'JL. BUGIS NO. 144 TANJUNG PRIOK JAKARTA UTARA', 'L', 5, 1),
(2014230046, 'MUFTIRANDY PRAYITNO', 'JL. SWASEMBADA BARAT XXIII NO. 41 JAKARTA', 'L', 5, 0),
(2014230047, 'SEPTIYAN EKA PRASTYIO', 'PETUNJUNGAN RT.03/01 KEC. BULAKAMBA, KAB. BREBES', 'L', 5, 0),
(2014230048, 'JALALUDDIN MUH AKBAR', 'Jl. Madrasah 11 RT 08 RW 10 No 22 Duren Sawit', 'L', 6, 1),
(2014230049, 'TRI JUNIYANTI', 'jalan tipar cakung kp.baru rt009/08 no 74 b cakung', 'P', 6, 0),
(2014230050, 'NUR INJAR', 'KLAPA NUNGGAL RT001/001 CILEUNGSI BOGOR', 'L', 6, 1),
(2014230051, 'CHALDERA LARASATI', 'JL. AN-NAJAH PABUARAN RT.004 RW.004 ', 'P', 6, 0),
(2014230052, 'ABDUL MALIK KAMALULLAH', 'KP. JEMBATAN NO. 30 RT003 RW010 KEL. CIPINANG BESA', 'L', 7, 0),
(2014230053, 'SAVIK', 'Jl. h gang r1 no 12 rt 012 rw007 kebon baru ', 'L', 1, 1),
(2014230054, 'ARIZEN EKA SEPTIAN', 'JL. SUMARNO DALAM GANG BAKTI 3 NO.48 RT.016 RW.008', 'L', 7, 0),
(2014230055, 'NOVI LAELASARI', 'Kp. Pasir Batok Kec. Curug Kembar RT 03 RW 02 Suka', 'P', 4, 0),
(2014230056, 'DENI APRISANDI', 'BOJONG RANGKONG NO.52 RT.008 RW.011 PONDOK KOPI DU', 'L', 4, 1),
(2014230057, 'FAJAR PRATAMA', 'JL. RAYA PENGGILINGAN CAKUNG', 'P', 1, 1),
(2014230058, 'SRI MULYANI SOFIAH', 'JL. H KAMAD RT.005 RW.003 NO.83A PONDOK BAMBU DURE', 'P', 5, 0),
(2014230059, 'ACHMAD BUDI PRASETIYO', 'KP JEMBATAN RT 13 RW 12 NO.6KEC, CAKUNG KEL, PENGG', 'L', 6, 0),
(2014230060, 'NUR RAHMAN FIRMANSAH', 'JALAN BOJONG RANGKONG RT01 RW08 KEL. PULO GEBANG K', 'L', 6, 0),
(2014230061, 'MUHAMMAD IHSAN', 'JL. BAMBU APUS 5 NO 78 RT 15 RW 6', 'L', 5, 0),
(2014230062, 'MUHAMMAD NUR RIZKY EKA PUTRA', 'Jl. Raya Pulo Gebang RT 04 RW 04 No 2 Kec. Cakung ', 'L', 7, 0),
(2014230063, 'VIEQRI SAMPUTRA PRATAMA', 'PERUMAHAN TAMAN RAYA BEKASI BLOK C3 NO. 19 MANGUN ', 'L', 6, 0),
(2014230064, 'DEWI OKTASARI', 'BERINGIN KENCANA KEC. CANDIPURO KB. LAMPUNG SELATA', 'P', 8, 0),
(2014230065, 'RIKA OCTAVIA', 'Kp Klender Baru RT 003 RW 001', 'P', 5, 0),
(2014230066, 'RIMBA SIANTURI', 'JALAN SAMOSIR 1 PEMATANG SIANTAR  SUMATERA UTARA', 'L', 7, 0),
(2014230068, 'MUHAMAD IKHSANUDIN', 'jl. pujakesuma no.23 pondok gede, bekasi', 'L', 6, 0),
(2014230069, 'ARIO GRINALDI', 'Perum Wahana Harapan Blok C 20 N0 17 RT 06 RW 32', 'L', 6, 0),
(2014230070, 'YULIANTO NUGROHO', 'JL. LEMBAH NYIUR RAYA J12 NO 1 PONDOK KELAPA DUREN', 'L', 4, 0),
(2014230072, 'AGUNG RUSDIANA SAPUTRA', 'UJUNG MENTENG RT01 RW08 KECAMATAN MEDAN SATRIA KEL', 'L', 6, 1),
(2014230073, 'IMAM FAUZI', 'KP PULO JAHE KEC CAKUNG KEL JATINEGARA TIMURRT 008', 'L', 6, 0),
(2014230074, 'RIZKI ALFIANTO', 'JL. TEGAL AMBA NO. 7 RT002 RW013', 'L', 6, 0),
(2014230075, 'FERY DARMAWAN ', 'JL. KELAPA HIJAU NO. 23', 'L', 4, 0),
(2014230076, 'SETYO  ARI WIBOWO', 'JL. KECAPI NO.3 RT/RW 002/004 KEL. CEGER CIPAYUNG', 'L', 4, 1),
(2014230077, 'HALIMAH TUSADIAH', 'JL. MANTANG BLOK L GG 3 NO. 20 RT/RW 012 KEL LAGOA', 'P', 7, 0),
(2014230078, 'MUHAMMAD WILDAN', 'Jl. Margi Utami No. 43 RT 003/007 Kel. Bantar Geba', 'L', 4, 1),
(2014230079, 'NAS NASIY AHMAD', 'KOTA BARU 003 RW 001 KOTA BARU BEKASI BARAT BEKASI', 'L', 5, 0),
(2014230080, 'MUHAMMAD DENNY ADYATMA MUSTAFA', 'JLN. PERWIRA SWADAYA VII BULAK PERWIRA KALIABANG B', 'L', 4, 0),
(2014230081, 'MUHAMMAD FAZRI ISMAIL', 'KP. CIBOGO RT 04 RW 01 KECAMATAN CIBARUSAH KABUPAT', 'L', 6, 0),
(2014230082, 'ABDUL HAFIZH MUHAMMAD', 'BUKIT CENGKEH I JALAN NUSANTARA BLOK D 6 NO 8 CIMA', 'L', 4, 0),
(2014230083, 'DANIEL RAMADHAN', 'jl. fajar asri 2 no 7 rt 001/020 jakasampurna beka', 'L', 7, 0),
(2014230084, 'MOHAMMAD RASYID', 'TRIDAYA INDAH 3 BLOK D.20 NO.6 TAMBUN SELATAN', 'L', 4, 0),
(2014230085, 'EKO SULISTIAWAN', 'JL. SAWAH BARAT DALAM NO. 201 RT.001 RW.006 PONDOK', 'L', 4, 0),
(2014230086, 'JAFAR SHODIQ', 'karang wangi, karang wareng cirebon', 'L', 6, 0),
(2014230087, 'FAHMI FAUZI', 'Jl.Sultan Agung RT 001 Rw 003 no 17 Kel.Medan Satr', 'L', 5, 0),
(2014230088, 'SUHARDIANSYAH ', 'JL. H. NAMAN GANG BUNI RT.007 RW.010 NO.76 BINTARA', 'L', 4, 0),
(2014230089, 'ACEP AZIZI ROHIM', 'JLN. CAMAN RAYA NO.73 RT.003 RW.003', 'L', 6, 0),
(2014230090, 'MITASARI', 'JL. KELURAHAN RAYA RT 001 RW 011 NO. 33 DUREN SAWI', 'P', 1, 1),
(2014230091, 'RIZKI ANDREAN', 'jl. kalibaru barat IV RT003 RW007 KEL. KALIBARU KE', 'L', 5, 0),
(2014230092, 'MUHAMMAD REYHANSYAH KURNIA', 'JL PULAU BUTTON RAYA NO 246 RT 004 RW 017', 'L', 4, 0),
(2014230093, 'FITRA HERDIANSYAH', 'Pondok kelapa rw 11 blok g 5 no 15 jakarta indones', 'L', 6, 0),
(2014230100, 'gugu', 'duren sawit', 'L', 3, 0),
(2014230901, 'ADANG GUNAWAN', 'KOMPLEK CIAPUS RT.004 RW.005 PANONGAN TANGGERANG ', 'L', 1, 1),
(2014230903, 'ABDURRAHMAN MURSALIN', 'Jl. Malaka Raya No. 186 RT006 RW08 Perumnas Klende', 'L', 1, 1),
(2014230904, 'HUSPAN NASRULLOH', 'Jl SDN Jati Kramat Rt 03 Rw 04 No 4 Jati KramatJat', 'L', 6, 0),
(2014230905, 'ADE RAMDANI', 'Jl lapangan rt 003 rw 012 no 37 kranji bekasi bara', 'L', 1, 0),
(2014239001, 'ANDY SISWANTO', 'JL. BINTARA VI::RT. 03 RW. 06 NO. 241::BEKASI BARA', 'L', 4, 0),
(2015230001, 'BAGAS FEBRI WICAKSANA', 'perumahan graha harapan blok a4 no 28 kec. mustika', 'L', 6, 0),
(2015230002, 'ROBI ADI KUSUMA', 'JL BINTARA 13 RT 04 RW 13 NO 85BEKASI', 'L', 5, 0),
(2015230003, 'ROIS RADEN PUTRA SIMANJUNTAK', 'Permata Hijau Permai blok E No.79 RT.001/017KALIAB', 'L', 6, 0),
(2015230004, 'RISKA AMELIA', 'Jln. Masjid 2 Rt.02. Rw.03 No. 78 B, Jatiwaringin,', 'P', 4, 0),
(2015230005, 'NICHOLAS ADITYA VINCENT', 'Jl Ramayana Blok U No.2 RT 006 RW 003 Duren Sawit', 'L', 4, 0),
(2015230006, 'YASSER FADLI MUHAMMAD', 'bekasi timur regency blok 05 no 28', 'L', 5, 0),
(2015230007, 'RAHMAT SEPTIYADI', 'JL. RUKEM JAYA 3 NO 46 RT 004 RW 008 KEL. UJUNG ME', 'L', 3, 0),
(2015230008, 'SENO ADI NUGRAHA', 'Jl. sejati tengah Rt 002/019 No.129 Kel. Jatimakmu', 'L', 4, 0),
(2015230009, 'WAHID SIDIQ NGUSMANTO', 'Petinjungan RT 03 RW 04 Kec. Bulakamba Kab. Brebes', 'L', 7, 0),
(2015230010, 'IKA WASTININGSIH', 'Jl. Patuha Selatan 1 RT 03 RW 16 Kayuringin Jaya B', 'P', 1, 1),
(2015230011, 'LOUIS CARADINE', 'Perumahan Pesona Anggrek Blok F17 No.23 RT/RW 003/', 'L', 4, 0),
(2015230012, 'MOH SUGITO', 'TEGALWULUNG RT 12 RW 03 JATIBARANG', 'L', 1, 1),
(2015230013, 'MUHAMMAD VIJAY SHIDIQ', 'PERUM KARTIKA WANASARI BLOK B3 27 RT03 KEL. CIBITU', 'L', 1, 1),
(2015230014, 'ERMA NOVIANA', 'Jalan Barokah RT11/02 blok f no. 14 Kec. Bekasi Ti', 'P', 4, 0),
(2015230015, 'ROMMY FIRLIANSYAH', 'Kp. Pisangan Rt/Rw : 008/005 No:61 Kel : Penggilin', 'L', 6, 0),
(2015230016, 'GITA FITRIANA', 'Perum Bumi Bekasi Baru Jl. Pasir Putih 3 RT 05/09 ', 'P', 6, 0),
(2015230017, 'YANUAR ARBY KRISTYAWAN', 'KP PONCOL ATAS RT 017, RW 005, JATI, PULOGADUNG', 'L', 1, 1),
(2015230018, 'BAYUGITA CIPTANING PUJA KESUMA', 'Taman Narogong Indah. JL Bojong Asri XIV RT/RW 008', 'L', 4, 0),
(2015230019, 'GITA APRIYANI', 'Jl. Sultan Agung Km 28 Gg. Hj Sarun Rt 06/22 No. 1', 'P', 4, 0),
(2015230020, 'APRIL RIANDA SITUMORANG', 'Jl.LAUT BANDA BB 1 NO.1', 'L', 5, 0),
(2015230021, 'DWIKI ANGGORO SYAFITRI', 'JL. RAWA SARI 2 RT05 RW06 DEPOK', 'L', 4, 0),
(2015230022, 'DAFFA ARYO BUDIMAN', 'Pejuang jaya Blok C 380 Rt. 03 Rw 012 Jl.Komando R', 'L', 6, 0),
(2015230023, 'MUHAMMAD RIDWAN', 'Pondok timur indah 2 jl.cendana blok c rt.14/17/10', 'L', 6, 0),
(2015230024, 'FAHRI NUGRAHA', 'Taman harapan Baru Blok S9/12A', 'L', 6, 0),
(2015230025, 'ANJAS PRAYOGO', 'JLN. PONDOK UNGU PERMAI SEKTOR 5 BLOK G11 NO 16', 'L', 7, 0),
(2015230026, 'IQBAL SANJAYA', 'PUP SEKTOR V BLOK L3/2 RT 004/29 KEL. BAHAGIA KEC.', 'L', 1, 1),
(2015230027, 'ACHMAD JOHAN FIRDAUS', 'Desa Pegirikan RT 27 RW 07', 'L', 6, 0),
(2015230028, 'MUHAMMAD AKNA FATHURACHMAN', 'Pasar Pagi Bintara Blok A', 'L', 7, 0),
(2015230029, 'REGINA RIASANTIKA RAHAYU', 'jl. pujakesuma no.23 pondok gede, bekasi', 'P', 6, 0),
(2015230030, 'GALIH SEPTIAN BAYUAJI', 'jalan gang alam 2 jaka sampurna bekasi barat', 'L', 4, 0),
(2015230031, 'JOSHUA RAHENDRA', 'Jl Letnan Arsyad No 10 Rt 02 Rw 16', 'L', 1, 1),
(2015230032, 'KEVIN ANDREAS SURBAKTI', 'Permata Regensi  Bekasi Blok F1 No. 71 Wanasari Ci', 'L', 6, 0),
(2015230033, 'MUHAMMAD NOVAL RIFANI', 'JALAN PISANGAN BARU NO. 10 RT013 RW08 MATRAMAN JAK', 'L', 8, 0),
(2015230034, 'ANNISA DWI ROSALINA', 'KOMPLEK DANAMON JL. PRIMADANA RAYA BLOK C8 NO.5 RT', 'P', 6, 0),
(2015230035, 'PONDRA IKHSAN NUGROHO', 'JL. TERATAI 2 BLOK E 3 NO 20 PONDOK GEDE', 'L', 5, 0),
(2015230036, 'AHMAD ROIHAN ', 'JL. MASJID AL-FAJRI RT015 RW01 JAKARTA SELATAN', 'L', 6, 0),
(2015230037, 'PUTRA GUNAWAN', 'Jl. Bekasi Timur RT 003/04 No. 1 Kel. Cipinang', 'L', 5, 0),
(2015230038, 'WIDHISTYA PUJI SASONGKO', 'Kp.Rawa bogo rt03 rw 017', 'L', 5, 0),
(2015230039, 'PRANANDA KUSUMANINGTYAS', 'Jl. Rawabebek RT 011/001 No. 93 Kel. Pulogebang Ke', 'P', 5, 0),
(2015230040, 'ARDITYA NURSYABANI', 'Jl. H. Taiman Raya RT 06/10 Kel. Gedong Kec. Pasar', 'L', 6, 0),
(2015230041, 'DIKKY SETYO NUGROHO', 'JL. RAWA BINONG RT 001 RW 010 KEL. LUBANG BUAYA KE', 'L', 6, 0),
(2015230042, 'BRIAN ADYATMA', 'PONDOK UNGU PERMAI BLOK AC 3 NO 3RT 010 RW 009 KEL', 'L', 6, 0),
(2015230043, 'YUFAN NICO DEMORA', 'JL. DAHLIA 1 NO. 19 PERUMNAS 1 BEKASI', 'L', 6, 0),
(2015230044, 'ASYIFA LIESTYANI', 'JL ELANG 8 BLOK E NO 315 RT02 RW04 PONDOK TIMUR IN', 'P', 7, 0),
(2015230045, 'ANDIKA', 'Perum Grand Mutiara Gading Blok C4 No.19 ', 'L', 1, 1),
(2015230046, 'MUHAMMAD YUSUF RAMDANI', 'Jl. Cempaka 1 Blok F12/14 RT09RW14 Kp. Cerewet Dur', 'L', 7, 1),
(2015230047, 'PURWO YUSIARDI', 'JL. MAWAR MERAH 2 RT.05 RW.01 PONDOK KOPI, DUREN S', 'L', 4, 0),
(2015230048, 'REYNO NUR FAHREZA', 'Jl. Nuri B63 RT 001 RW 009 Jaka Setia', 'L', 4, 0),
(2015230049, 'DWIKKY MARDIANTO', 'Perum. Alinda Kencana Blok E3/11 RT/RW 03/021 Kali', 'L', 1, 1),
(2015230050, 'MICHAEL GIOVANNI IMMANNUEL TOGHAS', 'SENTRA TIMUR RESIDENCE TOWER A1725D', 'L', 5, 0),
(2015230051, 'MUHAMMAD FARREL BISMOKO', 'JL. KIMANGUN SARKORO RT 02 RW 06 NO 49', 'L', 6, 0),
(2015230052, 'DIAJENG SOEKMA POESPA KEDATON', 'PURI ARTHA SENTOSA BLOK F/8 WARINGIN JAYAKECAMATAN', 'P', 6, 0),
(2015230053, 'DIO PRAMUDYA', 'Kamp. Rawadas no.109', 'L', 5, 0),
(2015230054, 'AKMAL ADITYA', 'BJI MEKARSARI BLOK D13 N0 18', 'L', 7, 0),
(2015230055, 'ADITIYA BUDI PRATAMA', 'Jl. Raya Pulogebang', 'L', 6, 0),
(2015230056, 'JORDAN NUR AKBAR', 'Jl. Serdang RT.01 RW.09 No10 Kec. Kemayoran Kel.Ce', 'L', 8, 0),
(2015230057, 'NADIA SALSABIL', 'BTN GCA RT 29 RW 13 DEs Cipincuh Kec Haurgeulis Ka', 'P', 5, 0),
(2015230058, 'PUTI SALMA TSALATSA', 'jalan mangga no.99 jati makmur pondok gede rt 03 r', 'P', 7, 0),
(2015230059, 'SAMUEL DAVID CHRISTOPER', 'Jl.Duta Kenanga 1 Blok D2 No.21', 'L', 6, 0),
(2015230060, 'MUHAMMAD RIFQI RAHARJA', 'Jl. Lumbu Utara IIB Blok II No. 202 Rawa Lumbu', 'L', 6, 0),
(2015230061, 'LUTFI DARMAWAN', 'Jl. Cipinang KebembemRt. 12 : Rw. 12', 'L', 4, 0),
(2015230062, 'FARHAN AMANDA', 'JALAN SIAGA NO. 67 KOMPLEK DWIKORA HALIM PERDANA K', 'L', 6, 0),
(2015230063, 'ELSIH MAYAZARI', 'Kp. Pisangan RT 010/004 Kel. Penggilingan Kec. Cak', 'P', 6, 0),
(2015230064, 'MUHAMMAD IQBAL ISLAM', 'jalan pondok kopi 3C D9 No13', 'L', 6, 0),
(2015230065, 'RIKI BAGASTORO', 'Jl. Caman Raya Jatibening Bekasi RT 03 RW 03', 'L', 4, 0),
(2015230066, 'ARIF SYAIFUDIN', 'PESONA JATI ASRI A1 JATI KRAMAT JATI BENING BEKASI', 'L', 4, 0),
(2015230067, 'ERICK LAUSHEN', 'Jalan Borobudur No 10 a RT 3 RW 10', 'L', 7, 0),
(2015230068, 'ANANG MUHAMMAD ANUGERAH', 'Taman Marogong Indah Blok F37 No 9 Rt 003 Rw 013', 'L', 4, 0),
(2015230069, 'MUHAMMAD SAHID ZAMZAMI', 'Asrama Pemadam Kebakaran Rt 006/17 No 141 Semper B', 'L', 5, 0),
(2015230070, 'ANTONIUS SUGIYANTO', 'PERUM TAMAN JUANDA BLOK B2 NO 4 BEKASI TIMUR', 'L', 4, 0),
(2015230071, 'GUSWAN SITUMORANG', 'Jalan Kp Pulo RT005 RW 04 No 55 Kelurahan Pinang R', 'L', 6, 0),
(2015230072, 'ANDITO LAHAI ROY', 'KP.buaran rt013/rw002 cakung,jakarta timur', 'L', 4, 0),
(2015230073, 'ACHMAD NURDZAKY', 'Jalan Ujung Gedong Rt 009/010 Kelurahan Gedong Kec', 'L', 7, 0),
(2015230074, 'JOSUA ADNANDA', 'Kp Rawa Bebek RT 02 RW 12 No 1', 'P', 4, 0),
(2015230075, 'ANUDA FATMA LAILASARI', 'KP. BOKONG RANGKONG, RT. 08, RW 11PONDOK KOPI DURE', 'P', 4, 0),
(2015230076, 'FARIZ AHMAD', 'JL. TIPAR CAKUNG RT004 RW07 NO 4 KELURAHAN CAKUNG ', 'L', 6, 0),
(2015230077, 'SAPUTRA PRAKARSA', 'JL. TAMAN ENAU BLOK L X NO. 18 PONDOK KELAPA JAKAR', 'L', 5, 0),
(2015230078, 'IRZA FARABY BAHALWAN', 'JALAN HAJI HARUN 1 RT 07 RW 10 NO 5', 'L', 4, 0),
(2015230079, 'AS ARIF CHAERUDIN', 'KAMPUNG TIPAR RT 003 RW 007 PONDOK KELAPA DUREN SA', 'L', 6, 0),
(2015230080, 'ELA NASTIKA', 'Ds. Babakan Cirahyu RT 020/009 kec. Luragung Kab. ', 'P', 6, 0),
(2015230081, 'DIDIK DAROJI', 'KP JEMBATAN RT 007 RW 014 NO.75KEC CAKUNG', 'L', 1, 1),
(2015230082, 'DINDA PUTRI HARDANTI', 'PERUM GRAHA PRIMA BLOK IE 4 NO. 3A RT 002 RW010 DS', 'P', 4, 0),
(2015230083, 'DAMARIS BELI', 'jl. pujakesuma no.23 pondok gede, bekasi', 'P', 6, 0),
(2015230084, 'ABDI AMER', 'Kp Kemang RT 002 RW 012 No 74', 'L', 5, 0),
(2015230086, 'RAHMAT SHAFARI', 'LIMBANANG BARUAH KECAMATAN SULIKI KAB 50 KOTA  SUM', 'L', 6, 0),
(2015230087, 'YOGA PRIAN PAMUKTI', 'Bekasi Padurenan Mustika Jaya Jalan H Syari F No10', 'L', 4, 0),
(2015230088, 'MUHAMMAD RIFAI', 'JL. RAWADAS RT010 RW03 KEL. PONDOK KOPI KEC DUREN ', 'L', 4, 0),
(2015230089, 'FARIS BANU ANWARI', 'taman kebalen indah blok F4 no. 57 rt.03/17', 'L', 5, 0),
(2015230090, 'RIZZI ALDO IMINIKI', 'JL PULO SIRIH TIMUR 8 CA 78  Taman Galaxi Indah, P', 'L', 3, 0),
(2015230091, 'WAHYU SAPUTRO', 'Jalan Pancawarga IV RT009 RW04 No 28 Jakarta Timur', 'L', 4, 0),
(2015230092, 'ALIFUDIN', 'PONDOK UNGU PERMAI BLOK AJ 2 NO. 1 BEKASI UTARA', 'L', 7, 0),
(2015230093, 'ADHITYA NUGRAHA', 'Kp. rawa panjang no.101 rt.004/005 Sepanjang jaya', 'L', 1, 1),
(2015230094, 'MOCHAMAD NOVALDO', 'KPAD JATIWARINGIN KOMP KODAM, Jln.Peralatan k-5', 'L', 4, 0),
(2015230095, 'INDRA WICAKSONO', 'Jl. Mulya Jaya RT 05/08 No. 28 Cipinang Muara - Ja', 'L', 1, 1),
(2015230096, 'MUHAMAD ABDUH ALFARISI', 'perumahan babelan indah blok B 118 rt. 12/08 kab. ', 'L', 1, 1),
(2015230097, 'MITA SARI', 'jl. mawar 5 kampung dua, rt.03, rw, 02, no. 19. ja', 'P', 6, 0),
(2015230098, 'WAHID ARYA NUGRAHA', 'Jl. Kampung Jati Kel. Jati Mulya RT 06/08 Kec. Tam', 'L', 4, 0),
(2015230099, 'DANANG WIWIT PRAYOGA', 'BANTAR BARANG RT 03 RW05 KECAMATAN REMBANG PURBALI', 'L', 6, 0),
(2015230100, 'JOKO SUPRIYANTO', 'Jl. Taman Malaka Selatan Rt.10 Rw. 06 No. 02 Kel. ', 'L', 6, 0),
(2015230101, 'MUKLIS SETYAWAN', 'Gang Sensus IV D No.6 Rt.008 Rw.014 Bidara Cina Ja', 'L', 6, 0),
(2015230102, 'YUNARYA NURFIRDAUS P', 'Jalan Wijaya Kusuma 11 No 69 No 10 Duren Sawit Jak', 'L', 4, 0),
(2015230103, 'BERRY CLAPTON', 'JL. PADAT KARYA RT6 RW2 NO. 41B PONDOK KELAPA JAKA', 'L', 4, 0),
(2015230104, 'KIKI ANDRIANA', 'Jl. Bintara Jaya 2 RT 04/008', 'L', 7, 0),
(2015230105, 'ALAM GIRI WIBIKSANA', 'Jalan Tanah Koja 21 RT 006 RW 02 Jatinegara Kav M', 'L', 4, 0),
(2015230106, 'WARDATUL JANNAH', 'JL MI NO 32 RT003 RW013 KEBON BARU TEBET JAKARTA S', 'P', 5, 0),
(2015230107, 'GUSTAMA YODHA MAHENDRA', 'JL. BUARAN 3 MC 1 NO. 15 DUREN SAWIT JAKARTA TIMUR', 'L', 4, 0),
(2015230108, 'ATANG SUHARNA', 'DUSUN MANIS RT. 01 / RW. 01DESA KUTAKEMBARANKEC. G', 'L', 6, 0),
(2015230109, 'RAKHA WIRAYUDHA', 'Puri Juanda Regency Blok M RT 13/04 Duren Jaya', 'L', 4, 0),
(2015230110, 'RISKI IRMAWAN', 'Ds.Surotrunan Rt01 Rw03 kec.alian kab.kebumen', 'L', 7, 0),
(2015230111, 'AJI DUTA BAYU SAPUTRA', 'Jl. Cipinang Muara 1 RT 06/03 No. 32 Pondok Bambu', 'L', 4, 0),
(2015230112, 'GALIH M. RIZKI', 'JL.. AMD XII RT 004/ 02 KEL. MAKASAR KEC. MAKASAR,', 'L', 4, 1),
(2015230113, 'ADHIE PUTRA RAMAYANA', 'JL. JATI PERWIRA GANG BEK BANDUNG RT01 RW03 NO 48', 'L', 6, 0),
(2015230114, 'EKWIN SYAHPUTRA SIPAYUNG', 'KAMPUNG KRAMAT RT 001 RW 004 SETU CIPAYUNG JAKARTA', 'L', 5, 0),
(2015230115, 'PUTRI LESTARI DANARIS S', 'PONDOK UNGU PERMAI EE 4 NO51. RT 008 / RW 010 KALI', 'P', 4, 1),
(2015230116, 'RAHADIAN ANUGRAH GUSTI', 'jl. pujakesuma no.23 pondok gede, bekasi', 'L', 6, 0),
(2015230117, 'ABDUL AZIZ', 'PULO SIRIH UTARA DALAM 6 BLOK DB244 RT06 RW14 PEKA', 'L', 1, 1),
(2015230118, 'RONALDO JULIO', 'Jalan Warakas IV GG 2 No 38 Rt 03 Rw 05 ', 'L', 5, 0),
(2015230119, 'MUHAMMAD SYAFIQ', 'JL. CIPINANG PULO RT 12 RW 14 NO 11 JAKARTA TIMUR', 'L', 4, 0),
(2015230120, 'SILVIA', 'JL. GANG REMAJA RT017/03 NO 17 CIBESUT JAKTIM', 'P', 6, 0);
INSERT INTO `master` (`nim`, `nama`, `alamat_rumah`, `jenis_kelamin`, `id_penghasilan`, `d_o`) VALUES
(2015230121, 'FAJAR ARIANSYAH RIMONE', 'JL. MAWAR BLOK B 759 RT 07  RW 007 DUTA KRANJI BEK', 'L', 1, 1),
(2015230122, 'RIDWAN FATTAH RAYHALDY', 'Pondok Ungu Permai Blok AA9/23 Rt 016 / 010Kaliaba', 'L', 1, 1),
(2015230901, 'KRESNALDY EKA PUTRA', 'TRIDAYA INDAH 4 89/17 TAMBUN SELATAN ', 'L', 4, 0),
(2015230902, 'ANIS DEWI ALVIANA', 'jl. pujakesuma no.23 pondok gede, bekasi', 'P', 4, 0),
(2015230903, 'HARIS MUNANDAR', 'Bintara 12a', 'L', 6, 0),
(2015230905, 'TEUKU MUHAMMAD IQBAL SYAHMIDAN', 'jl. pujakesuma no.23 pondok gede, bekasi', 'L', 5, 0),
(2015230906, 'YAYAN KUSUMA', 'Kp petukangan rt 02/04 rawaterate cakung jakarta t', 'L', 4, 0),
(2015239001, 'NUR WAHYU DINA TAUFIK HIDAYAT', 'JL. BUNYU PERTAMINA::RT. 001 RW. 018::-', 'L', 6, 0),
(2015239002, 'RATIH TIANDINI NURMALITA', 'JL. MASJID I RT. 001 RW. 011 NO. 34 JATIWARINGIN P', 'P', 1, 0),
(2147483647, 'Gilang', 'duren sawit', 'L', 3, 0);

--
-- Indexes for dumped tables
--

--
-- Indexes for table `chort_ipk`
--
ALTER TABLE `chort_ipk`
  ADD PRIMARY KEY (`nim`);

--
-- Indexes for table `chort_jarak`
--
ALTER TABLE `chort_jarak`
  ADD PRIMARY KEY (`nim`);

--
-- Indexes for table `chort_penghasilan`
--
ALTER TABLE `chort_penghasilan`
  ADD PRIMARY KEY (`id_penghasilan`);

--
-- Indexes for table `datasets`
--
ALTER TABLE `datasets`
  ADD PRIMARY KEY (`nim`);

--
-- Indexes for table `login`
--
ALTER TABLE `login`
  ADD PRIMARY KEY (`id`);

--
-- Indexes for table `master`
--
ALTER TABLE `master`
  ADD PRIMARY KEY (`nim`);

--
-- AUTO_INCREMENT for dumped tables
--

--
-- AUTO_INCREMENT for table `login`
--
ALTER TABLE `login`
  MODIFY `id` int(20) NOT NULL AUTO_INCREMENT, AUTO_INCREMENT=3;
/*!40101 SET CHARACTER_SET_CLIENT=@OLD_CHARACTER_SET_CLIENT */;
/*!40101 SET CHARACTER_SET_RESULTS=@OLD_CHARACTER_SET_RESULTS */;
/*!40101 SET COLLATION_CONNECTION=@OLD_COLLATION_CONNECTION */;
